Date,Year,Month,Flow,Terminal,Volume (10^3 m3),Volume (MCF)
07/01/2009,2009,July,Imports,Canaport,160699.5,5672846.924
07/01/2009,2009,July,Imports,Total,160699.5,5672846.924
08/01/2009,2009,August,Exports,Brunswick,137935.71,4869263.241
08/01/2009,2009,August,Exports,St Stephen,30898.31,1090740.063
08/01/2009,2009,August,Exports,Total,168834.02,5960003.304
08/01/2009,2009,August,Imports,Canaport,160357.6,5660777.525
08/01/2009,2009,August,Imports,St Stephen,31867.38,1124949.167
08/01/2009,2009,August,Imports,Total,192224.98,6785726.691
09/01/2009,2009,September,Imports,Canaport,163947.2,5787493.858
09/01/2009,2009,September,Imports,Total,163947.2,5787493.858
10/01/2009,2009,October,Imports,Canaport,160913.5,5680401.33
10/01/2009,2009,October,Imports,Total,160913.5,5680401.33
11/01/2009,2009,November,Imports,Canaport,82209.6,2902077.956
11/01/2009,2009,November,Imports,Total,82209.6,2902077.956
12/01/2009,2009,December,Imports,Canaport,289530.11,10220691.38
12/01/2009,2009,December,Imports,Total,289530.11,10220691.38
01/01/2010,2010,January,Imports,Canaport,448067.84,15817225.74
01/01/2010,2010,January,Imports,Total,448067.84,15817225.74
02/01/2010,2010,February,Imports,Canaport,205489.98,7253993.951
02/01/2010,2010,February,Imports,Total,205489.98,7253993.951
03/01/2010,2010,March,Imports,Canaport,160356.4,5660735.164
03/01/2010,2010,March,Imports,Total,160356.4,5660735.164
04/01/2010,2010,April,Imports,Canaport,161343.4,5695577.213
04/01/2010,2010,April,Imports,Total,161343.4,5695577.213
05/01/2010,2010,May,Imports,Canaport,165289.7,5834885.399
05/01/2010,2010,May,Imports,Total,165289.7,5834885.399
06/01/2010,2010,June,Imports,Canaport,139368.9,4919856.226
06/01/2010,2010,June,Imports,Total,139368.9,4919856.226
07/01/2010,2010,July,Imports,Canaport,81578,2879781.868
07/01/2010,2010,July,Imports,Total,81578,2879781.868
08/01/2010,2010,August,Imports,Canaport,160888.9,5679532.926
08/01/2010,2010,August,Imports,Total,160888.9,5679532.926
09/01/2010,2010,September,Imports,Canaport,172518.7,6090076.052
09/01/2010,2010,September,Imports,Total,172518.7,6090076.052
10/01/2010,2010,October,Imports,Canaport,160894,5679712.961
10/01/2010,2010,October,Imports,Total,160894,5679712.961
11/01/2010,2010,November,Imports,Canaport,80952.9,2857715.237
11/01/2010,2010,November,Imports,Total,80952.9,2857715.237
12/01/2010,2010,December,Imports,Canaport,239627.6,8459084.773
12/01/2010,2010,December,Imports,Total,239627.6,8459084.773
01/01/2011,2011,January,Imports,Canaport,636984.04,22486149.31
01/01/2011,2011,January,Imports,Total,636984.04,22486149.31
02/01/2011,2011,February,Imports,Canaport,397393.47,14028371.74
02/01/2011,2011,February,Imports,Total,397393.47,14028371.74
03/01/2011,2011,March,Imports,Canaport,476521.94,16821682.84
03/01/2011,2011,March,Imports,Total,476521.94,16821682.84
04/01/2011,2011,April,Imports,Canaport,159397.89,5626898.839
04/01/2011,2011,April,Imports,Total,159397.89,5626898.839
05/01/2011,2011,May,Imports,Canaport,158650.52,5600515.959
05/01/2011,2011,May,Imports,Total,158650.52,5600515.959
06/01/2011,2011,June,Imports,Canaport,238030.47,8402704.548
06/01/2011,2011,June,Imports,Total,238030.47,8402704.548
07/01/2011,2011,July,Imports,Canaport,239740.48,8463069.546
07/01/2011,2011,July,Imports,Total,239740.48,8463069.546
08/01/2011,2011,August,Imports,Canaport,79731.51,2814598.995
08/01/2011,2011,August,Imports,Total,79731.51,2814598.995
09/01/2011,2011,September,Imports,Canaport,160279.08,5658005.693
09/01/2011,2011,September,Imports,Total,160279.08,5658005.693
10/01/2011,2011,October,Imports,Canaport,236173.2981,8337144.593
10/01/2011,2011,October,Imports,Total,236173.2981,8337144.593
11/01/2011,2011,November,Imports,Canaport,239442.12,8452537.151
11/01/2011,2011,November,Imports,Total,239442.12,8452537.151
12/01/2011,2011,December,Imports,Canaport,328495.87,11596220.18
12/01/2011,2011,December,Imports,Total,328495.87,11596220.18
01/01/2012,2012,January,Imports,Canaport,318092.57,11228973.69
01/01/2012,2012,January,Imports,Total,318092.57,11228973.69
02/01/2012,2012,February,Imports,Canaport,236192.93,8337837.618
02/01/2012,2012,February,Imports,Total,236192.93,8337837.618
03/01/2012,2012,March,Imports,Canaport,80616.52,2845840.699
03/01/2012,2012,March,Imports,Total,80616.52,2845840.699
04/01/2012,2012,April,Imports,Canaport,199797.52,7053044.637
04/01/2012,2012,April,Imports,Total,199797.52,7053044.637
05/01/2012,2012,May,Imports,Canaport,80889.06,2855461.624
05/01/2012,2012,May,Imports,Total,80889.06,2855461.624
06/01/2012,2012,June,Imports,Canaport,79431.55,2804010.119
06/01/2012,2012,June,Imports,Total,79431.55,2804010.119
08/01/2012,2012,August,Imports,Canaport,159075.25,5615509.336
08/01/2012,2012,August,Imports,Total,159075.25,5615509.336
10/01/2012,2012,October,Imports,Canaport,81205.97,2866648.851
10/01/2012,2012,October,Imports,Total,81205.97,2866648.851
11/01/2012,2012,November,Imports,Canaport,239392.96,8450801.755
11/01/2012,2012,November,Imports,Total,239392.96,8450801.755
12/01/2012,2012,December,Imports,Canaport,239340.43,8448947.396
12/01/2012,2012,December,Imports,Coutts,32.017501,1130.248582
12/01/2012,2012,December,Imports,Total,239372.4475,8450077.645
01/01/2013,2013,January,Imports,Canaport,157425.02,5557254.63
01/01/2013,2013,January,Imports,Coutts,86.699799,3060.5863
01/01/2013,2013,January,Imports,Total,157511.7198,5560315.216
02/01/2013,2013,February,Imports,Canaport,239010.28,8437292.783
02/01/2013,2013,February,Imports,Coutts,65.3395,2306.547199
02/01/2013,2013,February,Imports,Sarnia,0.037153,1.311536637
02/01/2013,2013,February,Imports,Total,239075.6567,8439600.642
03/01/2013,2013,March,Imports,Canaport,79981.53,2823424.942
03/01/2013,2013,March,Imports,Coutts,109.9081,3879.861648
03/01/2013,2013,March,Imports,Total,80091.4381,2827304.803
04/01/2013,2013,April,Imports,Canaport,157330.21,5553907.746
04/01/2013,2013,April,Imports,Coutts,125.4177,4427.365447
04/01/2013,2013,April,Imports,Total,157455.6277,5558335.111
05/01/2013,2013,May,Imports,Coutts,150.8752,5326.039684
05/01/2013,2013,May,Imports,Total,150.8752,5326.039684
06/01/2013,2013,June,Imports,Canaport,156889.031,5538333.703
06/01/2013,2013,June,Imports,Coutts,167.2366,5903.612842
06/01/2013,2013,June,Imports,Total,157056.2676,5544237.316
07/01/2013,2013,July,Exports,Highgate Springs,2531,89346.73452
07/01/2013,2013,July,Exports,Total,2531,89346.73452
07/01/2013,2013,July,Imports,Coutts,63.4889,2241.219239
07/01/2013,2013,July,Imports,Total,63.4889,2241.219239
08/01/2013,2013,August,Exports,Highgate Springs,3815.509,134691.1378
08/01/2013,2013,August,Exports,Total,3815.509,134691.1378
08/01/2013,2013,August,Imports,Coutts,105.9643,3740.641715
08/01/2013,2013,August,Imports,Total,105.9643,3740.641715
09/01/2013,2013,September,Exports,Highgate Springs,3491.6107,123257.2162
09/01/2013,2013,September,Exports,Total,3491.6107,123257.2162
09/01/2013,2013,September,Imports,Coutts,129.4619,4570.129597
09/01/2013,2013,September,Imports,Total,129.4619,4570.129597
10/01/2013,2013,October,Exports,Highgate Springs,2271.498,80186.06431
10/01/2013,2013,October,Exports,Total,2271.498,80186.06431
10/01/2013,2013,October,Imports,Coutts,127.8671,4513.831623
10/01/2013,2013,October,Imports,Total,127.8671,4513.831623
11/01/2013,2013,November,Exports,Highgate Springs,2993.2785,105665.6102
11/01/2013,2013,November,Exports,Total,2993.2785,105665.6102
11/01/2013,2013,November,Imports,Canaport,158651.54,5600551.966
11/01/2013,2013,November,Imports,Coutts,100.8282,3559.332445
11/01/2013,2013,November,Imports,Total,158752.3682,5604111.298
12/01/2013,2013,December,Imports,Canaport,80160.63,2829747.344
12/01/2013,2013,December,Imports,Coutts,79.5004,2806.44059
12/01/2013,2013,December,Imports,Sarnia,21.959,775.1738219
12/01/2013,2013,December,Imports,Total,80262.0894,2833328.958
01/01/2014,2014,January,Imports,Canaport,81860.55,2889756.155
01/01/2014,2014,January,Imports,Coutts,150.7571,5321.87064
01/01/2014,2014,January,Imports,Total,82011.3071,2895078.026
02/01/2014,2014,February,Imports,Canaport,77485.06,2735297.149
02/01/2014,2014,February,Imports,Coutts,196.543,6938.156951
02/01/2014,2014,February,Imports,Sarnia,21.876,772.2438421
02/01/2014,2014,February,Imports,Total,77703.479,2743007.55
03/01/2014,2014,March,Exports,Armstrong,685.6,24202.33947
03/01/2014,2014,March,Exports,Total,685.6,24202.33947
03/01/2014,2014,March,Imports,Coutts,181.4857,6406.619778
03/01/2014,2014,March,Imports,Sarnia,22.376,789.894323
03/01/2014,2014,March,Imports,Total,203.8617,7196.514101
04/01/2014,2014,April,Imports,Canaport,76401.9,2697060.56
04/01/2014,2014,April,Imports,Coutts,215.1588,7595.312597
04/01/2014,2014,April,Imports,Sarnia,23.102,815.5228214
04/01/2014,2014,April,Imports,Total,76640.1608,2705471.395
05/01/2014,2014,May,Imports,Coutts,130.3738,4602.320544
05/01/2014,2014,May,Imports,Sarnia,23.265,821.2768782
05/01/2014,2014,May,Imports,Total,153.6388,5423.597422
06/01/2014,2014,June,Imports,Canaport,159297.69,5623361.682
06/01/2014,2014,June,Imports,Coutts,84.7315,2991.103452
06/01/2014,2014,June,Imports,Sarnia,46.92,1656.321131
06/01/2014,2014,June,Imports,Total,159429.3415,5628009.107
07/01/2014,2014,July,Exports,Highgate Springs,2510.3019,88616.07168
07/01/2014,2014,July,Exports,Total,2510.3019,88616.07168
07/01/2014,2014,July,Imports,Coutts,87.9172,3103.561726
07/01/2014,2014,July,Imports,Sarnia,22.978,811.1455021
07/01/2014,2014,July,Imports,Total,110.8952,3914.707228
08/01/2014,2014,August,Exports,Highgate Springs,3882.4269,137053.404
08/01/2014,2014,August,Exports,Total,3882.4269,137053.404
08/01/2014,2014,August,Imports,Coutts,105.2267,3714.603726
08/01/2014,2014,August,Imports,Sarnia,22.265,785.9759163
08/01/2014,2014,August,Imports,Total,127.4917,4500.579642
09/01/2014,2014,September,Exports,Highgate Springs,4936.8255,174274.6888
09/01/2014,2014,September,Exports,Total,4936.8255,174274.6888
09/01/2014,2014,September,Imports,Coutts,101.6702,3589.055855
09/01/2014,2014,September,Imports,Total,101.6702,3589.055855
10/01/2014,2014,October,Exports,Highgate Springs,6229.1711,219895.7315
10/01/2014,2014,October,Exports,Napierville,1792.21,63266.73689
10/01/2014,2014,October,Exports,Total,8021.3811,283162.4684
10/01/2014,2014,October,Imports,Canaport,75688.467,2671875.688
10/01/2014,2014,October,Imports,Coutts,104.8162,3700.112681
10/01/2014,2014,October,Imports,Sarnia,21.927,774.0441912
10/01/2014,2014,October,Imports,Total,75815.2102,2676349.845
11/01/2014,2014,November,Exports,Highgate Springs,2397.624,84638.43343
11/01/2014,2014,November,Exports,Napierville,1149.01,40561.15821
11/01/2014,2014,November,Exports,Total,3546.634,125199.5916
11/01/2014,2014,November,Imports,Coutts,171.3534,6048.939842
11/01/2014,2014,November,Imports,Sarnia,21.638,763.8422132
11/01/2014,2014,November,Imports,Total,192.9914,6812.782055
12/01/2014,2014,December,Exports,Philipsburg,639.7017,22582.08533
12/01/2014,2014,December,Exports,Total,639.7017,22582.08533
12/01/2014,2014,December,Imports,Canaport,84281.98,2975234.963
12/01/2014,2014,December,Imports,Coutts,150.2206,5302.931674
12/01/2014,2014,December,Imports,Sarnia,21.512,759.394292
12/01/2014,2014,December,Imports,Total,84453.7126,2981297.289
01/01/2015,2015,January,Exports,Philipsburg,1010.6324,35676.29583
01/01/2015,2015,January,Exports,Total,1010.6324,35676.29583
01/01/2015,2015,January,Imports,Canaport,79424.6898,2803767.947
01/01/2015,2015,January,Imports,Coutts,87.7581,3097.945343
01/01/2015,2015,January,Imports,Sarnia,22.552,796.1072923
01/01/2015,2015,January,Imports,Total,79534.9999,2807662
02/01/2015,2015,February,Exports,Philipsburg,1156.5573,40827.58516
02/01/2015,2015,February,Exports,Total,1156.5573,40827.58516
02/01/2015,2015,February,Imports,Canaport,208523.18,7361068.828
02/01/2015,2015,February,Imports,Coutts,62.9532,2222.308513
02/01/2015,2015,February,Imports,Sarnia,18.909,667.5058882
02/01/2015,2015,February,Imports,Total,208605.0422,7363958.643
03/01/2015,2015,March,Exports,Philipsburg,1312.5341,46333.71623
03/01/2015,2015,March,Exports,Total,1312.5341,46333.71623
03/01/2015,2015,March,Imports,Coutts,87.9292,3103.985337
03/01/2015,2015,March,Imports,Sarnia,21.827,770.514095
03/01/2015,2015,March,Imports,Total,109.7562,3874.499432
04/01/2015,2015,April,Exports,Philipsburg,1093.294,38594.32982
04/01/2015,2015,April,Exports,Total,1093.294,38594.32982
04/01/2015,2015,April,Imports,Canaport,81195.9827,2866296.29
04/01/2015,2015,April,Imports,Coutts,85.483,3017.632124
04/01/2015,2015,April,Imports,Sarnia,44.054,1555.148575
04/01/2015,2015,April,Imports,Total,81325.5197,2870869.071
05/01/2015,2015,May,Exports,Philipsburg,971.153,34282.63503
05/01/2015,2015,May,Exports,Total,971.153,34282.63503
05/01/2015,2015,May,Imports,Coutts,106.1972,3748.863309
05/01/2015,2015,May,Imports,Sarnia,21.75,767.7959209
05/01/2015,2015,May,Imports,Total,127.9472,4516.65923
06/01/2015,2015,June,Exports,Philipsburg,1152.4129,40681.28385
06/01/2015,2015,June,Exports,Total,1152.4129,40681.28385
06/01/2015,2015,June,Imports,Canaport,79046.381,2790413.282
06/01/2015,2015,June,Imports,Coutts,63.9978,2259.183898
06/01/2015,2015,June,Imports,Sarnia,42.51,1500.64389
06/01/2015,2015,June,Imports,Total,79152.8888,2794173.11
07/01/2015,2015,July,Exports,Philipsburg,1150.2819,40606.0575
07/01/2015,2015,July,Exports,Total,1150.2819,40606.0575
07/01/2015,2015,July,Imports,Coutts,65.701,2319.308497
07/01/2015,2015,July,Imports,Sarnia,21.39,755.0875746
07/01/2015,2015,July,Imports,Total,87.091,3074.396071
08/01/2015,2015,August,Exports,Blaine,109.41,3862.278239
08/01/2015,2015,August,Exports,Champlain,21.461313,757.6049921
08/01/2015,2015,August,Exports,North Portal,23.2855,822.0005479
08/01/2015,2015,August,Exports,Philipsburg,1090.82,38506.99524
08/01/2015,2015,August,Exports,Total,1244.976813,43948.87902
08/01/2015,2015,August,Imports,Sarnia,20.98,740.6141803
08/01/2015,2015,August,Imports,Total,20.98,740.6141803
09/01/2015,2015,September,Exports,Blaine,107.1922,3783.987766
09/01/2015,2015,September,Exports,Champlain,42.981548,1517.289988
09/01/2015,2015,September,Exports,Philipsburg,1122.4959,39625.18498
09/01/2015,2015,September,Exports,Total,1272.669648,44926.46273
09/01/2015,2015,September,Imports,Port of Estevan,42.65,1505.586024
09/01/2015,2015,September,Imports,Total,42.65,1505.586024
10/01/2015,2015,October,Exports,Blaine,43.0771,1520.663065
10/01/2015,2015,October,Exports,Champlain,23.290045,822.1609907
10/01/2015,2015,October,Exports,Philipsburg,1156.661,40831.24587
10/01/2015,2015,October,Exports,Total,1223.028145,43174.06993
10/01/2015,2015,October,Imports,Canaport,76013.77,2683359.197
10/01/2015,2015,October,Imports,Total,76013.77,2683359.197
11/01/2015,2015,November,Exports,Champlain,69.357371,2448.38191
11/01/2015,2015,November,Exports,Philipsburg,1212.409,42799.20389
11/01/2015,2015,November,Exports,Total,1281.766371,45247.5858
11/01/2015,2015,November,Imports,Port of Estevan,22.37,789.6825173
11/01/2015,2015,November,Imports,Total,22.37,789.6825173
12/01/2015,2015,December,Exports,Blaine,42.583,1503.22086
12/01/2015,2015,December,Exports,Champlain,344.171926,12149.60004
12/01/2015,2015,December,Exports,Philipsburg,1099.5653,38815.71274
12/01/2015,2015,December,Exports,Port of Estevan,7.617,268.8874266
12/01/2015,2015,December,Exports,Total,1493.937226,52737.42107
12/01/2015,2015,December,Imports,Canaport,80428.186,2839192.328
12/01/2015,2015,December,Imports,Total,80428.186,2839192.328
01/01/2016,2016,January,Exports,Blaine,21.4667,757.7951584
01/01/2016,2016,January,Exports,Champlain,1015.4147,35845.11562
01/01/2016,2016,January,Exports,Philipsburg,1507.543,53217.71798
01/01/2016,2016,January,Exports,Total,2544.4244,89820.62875
01/01/2016,2016,January,Imports,Canaport,85649.09,3023495.261
01/01/2016,2016,January,Imports,North Portal,23.93,844.7520178
01/01/2016,2016,January,Imports,Port of Estevan,22.61,798.1547481
01/01/2016,2016,January,Imports,Total,85695.63,3025138.168
02/01/2016,2016,February,Exports,Blaine,63.0614,2226.128078
02/01/2016,2016,February,Exports,Champlain,1398.344,49362.88824
02/01/2016,2016,February,Exports,Philipsburg,1392.1615,49144.64004
02/01/2016,2016,February,Exports,Total,2853.5669,100733.6564
02/01/2016,2016,February,Imports,Canaport,83705.148,2954872.239
02/01/2016,2016,February,Imports,Total,83705.148,2954872.239
03/01/2016,2016,March,Exports,Blaine,42.5699,1502.758417
03/01/2016,2016,March,Exports,Champlain,569.8751,20117.13918
03/01/2016,2016,March,Exports,Philipsburg,1242.469,43860.35081
03/01/2016,2016,March,Exports,Total,1854.914,65480.24841
04/01/2016,2016,April,Exports,Champlain,573.5262,20246.02652
04/01/2016,2016,April,Exports,Highgate Springs,1529.4769,53992.00574
04/01/2016,2016,April,Exports,Philipsburg,1214.6086,42876.85189
04/01/2016,2016,April,Exports,Total,3317.6117,117114.8842
05/01/2016,2016,May,Exports,Champlain,84.2166,2972.926986
05/01/2016,2016,May,Exports,Highgate Springs,1951,68872.17663
05/01/2016,2016,May,Exports,Philipsburg,1141.505,40296.22449
05/01/2016,2016,May,Exports,Total,3176.7216,112141.3281
06/01/2016,2016,June,Exports,Champlain,109.4909,3865.134087
06/01/2016,2016,June,Exports,Highgate Springs,2016,71166.73915
06/01/2016,2016,June,Exports,Huntingdon,69.2745,2445.456484
06/01/2016,2016,June,Exports,Philipsburg,1219.798,43060.0427
06/01/2016,2016,June,Exports,Total,3414.5634,120537.3724
06/01/2016,2016,June,Imports,Canaport,80411.57,2838605.767
06/01/2016,2016,June,Imports,Total,80411.57,2838605.767
07/01/2016,2016,July,Exports,Champlain,91.6261,3234.489463
07/01/2016,2016,July,Exports,Highgate Springs,1761,62164.99387
07/01/2016,2016,July,Exports,Huntingdon,88.11,3110.367751
07/01/2016,2016,July,Exports,Total,1940.7361,68509.85109
07/01/2016,2016,July,Imports,Canaport,78838.84,2783086.886
07/01/2016,2016,July,Imports,Total,78838.84,2783086.886
08/01/2016,2016,August,Exports,Champlain,107.9437,3810.516439
08/01/2016,2016,August,Exports,Highgate Springs,2151,75932.36901
08/01/2016,2016,August,Exports,Huntingdon,107.32,3788.499229
08/01/2016,2016,August,Exports,Philipsburg,80.854,2854.223972
08/01/2016,2016,August,Exports,Total,2447.1177,86385.60865
09/01/2016,2016,September,Exports,Blaine,21.2078,748.6557394
09/01/2016,2016,September,Exports,Champlain,85.6507,3023.552096
09/01/2016,2016,September,Exports,Highgate Springs,1839,64918.4689
09/01/2016,2016,September,Exports,Huntingdon,78.4,2767.595411
09/01/2016,2016,September,Exports,Total,2024.2585,71458.27214
10/01/2016,2016,October,Exports,Blaine,23.2706,821.4745635
10/01/2016,2016,October,Exports,Champlain,88.5344,3125.34948
10/01/2016,2016,October,Exports,Highgate Springs,1982,69966.50645
10/01/2016,2016,October,Exports,Huntingdon,198.32,7000.88676
10/01/2016,2016,October,Exports,Total,2292.125,80914.21725
10/01/2016,2016,October,Imports,North Portal,21.639,763.8775141
10/01/2016,2016,October,Imports,Total,21.639,763.8775141
11/01/2016,2016,November,Exports,Blaine,181.9256,6422.148671
11/01/2016,2016,November,Exports,Champlain,111.6515,3941.405345
11/01/2016,2016,November,Exports,Highgate Springs,657,23192.73196
11/01/2016,2016,November,Exports,Huntingdon,186.05,6567.743958
11/01/2016,2016,November,Exports,Total,1136.6271,40124.02993
12/01/2016,2016,December,Exports,Blaine,113.1385,3993.897876
12/01/2016,2016,December,Exports,Champlain,67.1305,2369.771222
12/01/2016,2016,December,Exports,Huntingdon,259.12,9147.185243
12/01/2016,2016,December,Exports,Total,439.389,15510.85434
01/01/2017,2017,January,Exports,Blaine,264.6077,9340.906331
01/01/2017,2017,January,Exports,Champlain,62.8602,2219.025524
01/01/2017,2017,January,Exports,Huntingdon,180.971,6388.450372
01/01/2017,2017,January,Exports,Total,508.4389,17948.38223
01/01/2017,2017,January,Imports,Canaport,64855.52,2289462.239
01/01/2017,2017,January,Imports,Total,64855.52,2289462.239
02/01/2017,2017,February,Exports,Blaine,21.9897,776.2575615
02/01/2017,2017,February,Exports,Champlain,65.5982,2315.679558
02/01/2017,2017,February,Exports,Huntingdon,144.97,5117.580444
02/01/2017,2017,February,Exports,Total,232.5579,8209.517563
02/01/2017,2017,February,Imports,Canaport,172487.64,6088979.605
02/01/2017,2017,February,Imports,Total,172487.64,6088979.605
03/01/2017,2017,March,Exports,Champlain,63.5555,2243.570283
03/01/2017,2017,March,Exports,Huntingdon,154.69,5460.705793
03/01/2017,2017,March,Exports,Total,218.2455,7704.276076
03/01/2017,2017,March,Imports,North Portal,86.13,3040.471847
03/01/2017,2017,March,Imports,Total,86.13,3040.471847
04/01/2017,2017,April,Exports,Champlain,22.0732,779.2051918
04/01/2017,2017,April,Exports,Highgate Springs,4999,176469.5084
04/01/2017,2017,April,Exports,Huntingdon,195.85,6913.693384
04/01/2017,2017,April,Exports,Total,5216.9232,184162.407
04/01/2017,2017,April,Imports,Canaport,81530.15,2878092.717
04/01/2017,2017,April,Imports,Total,81530.15,2878092.717
05/01/2017,2017,May,Exports,Champlain,108.9079,3844.553626
05/01/2017,2017,May,Exports,Highgate Springs,5831,205839.9087
05/01/2017,2017,May,Exports,Huntingdon,230.93,8152.051127
05/01/2017,2017,May,Exports,"Portal, North Dakota",28.88,1019.491779
05/01/2017,2017,May,Exports,Total,6199.7179,218856.0053
06/01/2017,2017,June,Exports,Champlain,129.0113,4554.222983
06/01/2017,2017,June,Exports,Highgate Springs,6018,212441.1886
06/01/2017,2017,June,Exports,Huntingdon,100,3530.096188
06/01/2017,2017,June,Exports,Total,6247.0113,220525.5078
07/01/2017,2017,July,Exports,Champlain,129.4053,4568.131562
07/01/2017,2017,July,Exports,Highgate Springs,5772,203757.152
07/01/2017,2017,July,Exports,Huntingdon,111.48,3935.35123
07/01/2017,2017,July,Exports,Total,6012.8853,212260.6348
08/01/2017,2017,August,Exports,Blaine,89.9949,3176.906534
08/01/2017,2017,August,Exports,Champlain,107.8659,3807.770024
08/01/2017,2017,August,Exports,Highgate Springs,6134,216536.1002
08/01/2017,2017,August,Exports,Huntingdon,115.85,4089.616434
08/01/2017,2017,August,Exports,Total,6447.7108,227610.3932
09/01/2017,2017,September,Exports,Blaine,89.7513,3168.30722
09/01/2017,2017,September,Exports,Champlain,109.267,3857.230202
09/01/2017,2017,September,Exports,Highgate Springs,4809,169762.3257
09/01/2017,2017,September,Exports,Huntingdon,133.3938,4708.929449
09/01/2017,2017,September,Exports,Total,5141.4121,181496.7926
09/01/2017,2017,September,Imports,Canaport,82238.9,2903112.274
09/01/2017,2017,September,Imports,Total,82238.9,2903112.274
10/01/2017,2017,October,Exports,Blaine,44.8641,1583.745884
10/01/2017,2017,October,Exports,Champlain,87.1128,3075.165632
10/01/2017,2017,October,Exports,Highgate Springs,2985,105373.3712
10/01/2017,2017,October,Exports,Huntingdon,247.7319,8745.174359
10/01/2017,2017,October,Exports,Total,3364.7088,118777.4571
11/01/2017,2017,November,Exports,Champlain,108.5641,3832.417156
11/01/2017,2017,November,Exports,Highgate Springs,4948,174669.1594
11/01/2017,2017,November,Exports,Huntingdon,230.3457,8131.424775
11/01/2017,2017,November,Exports,Total,5310.2186,187455.8244
11/01/2017,2017,November,Exports,Vanterm,23.3088,822.8230603
11/01/2017,2017,November,Imports,North Portal,42.8907,1514.082966
11/01/2017,2017,November,Imports,Total,42.8907,1514.082966
12/01/2017,2017,December,Exports,Blaine,109.035,3849.040379
12/01/2017,2017,December,Exports,Champlain,87.6676,3094.750606
12/01/2017,2017,December,Exports,Huntingdon,184.3978,6509.419709
12/01/2017,2017,December,Exports,Total,414.1702,14620.60644
12/01/2017,2017,December,Exports,Vancouver,33.0698,1167.395749
01/01/2018,2018,January,Exports,Blaine,43.2925,1528.266892
01/01/2018,2018,January,Exports,Champlain,91.3209,3223.71561
01/01/2018,2018,January,Exports,Huntingdon,206.3081,7282.874374
01/01/2018,2018,January,Exports,Philipsburg,751.2434,26519.61463
01/01/2018,2018,January,Exports,Total,1092.1649,38554.4715
01/01/2018,2018,January,Imports,Coutts,4872,171986.2863
01/01/2018,2018,January,Imports,ST. JOHN,251375.64,8873801.885
01/01/2018,2018,January,Imports,Total,256247.64,9045788.172
02/01/2018,2018,February,Exports,Blaine,110.285,3893.166581
02/01/2018,2018,February,Exports,Champlain,90.8713,3207.844297
02/01/2018,2018,February,Exports,Huntingdon,221.6656,7825.008896
02/01/2018,2018,February,Exports,Philipsburg,681.8545,24070.11971
02/01/2018,2018,February,Exports,Total,1104.6764,38996.13949
02/01/2018,2018,February,Imports,Canaport,81477.88,2876247.536
02/01/2018,2018,February,Imports,North Portal,40.21066,1419.474976
02/01/2018,2018,February,Imports,Total,81518.09066,2877667.011
03/01/2018,2018,March,Exports,Blaine,43.9925,1552.977566
03/01/2018,2018,March,Exports,Champlain,113.4845,4006.112009
03/01/2018,2018,March,Exports,Highgate Springs,918,32406.28301
03/01/2018,2018,March,Exports,Huntingdon,178.1657,6289.420584
03/01/2018,2018,March,Exports,Philipsburg,367.7578,12982.20408
03/01/2018,2018,March,Exports,"Portal, North Dakota",1000,35300.96188
03/01/2018,2018,March,Exports,Total,2621.4005,92537.95912
04/01/2018,2018,April,Exports,Highgate Springs,5153,181905.8566
04/01/2018,2018,April,Exports,Huntingdon,173.2604,6116.258776
04/01/2018,2018,April,Exports,Philipsburg,153.9174,5433.43227
04/01/2018,2018,April,Exports,Total,5897.8078,208198.2883
04/01/2018,2018,April,Exports,Vancouver,417.63,14742.74071
04/01/2018,2018,April,Imports,North Portal,22.528762,795.2869686
04/01/2018,2018,April,Imports,Total,22.528762,795.2869686
05/01/2018,2018,May,Exports,Champlain,45.0031,1588.652718
05/01/2018,2018,May,Exports,Highgate Springs,5153,181905.8566
05/01/2018,2018,May,Exports,Huntingdon,164.0499,5791.119266
05/01/2018,2018,May,Exports,Philipsburg,215.6992,7614.389237
05/01/2018,2018,May,Exports,Total,5577.7522,196900.0178
05/01/2018,2018,May,Imports,ST. JOHN,80847.9328,2854009.794
05/01/2018,2018,May,Imports,Total,80847.9328,2854009.794
06/01/2018,2018,June,Exports,Champlain,69.0052,2435.949935
06/01/2018,2018,June,Exports,Highgate Springs,5708,201497.8904
06/01/2018,2018,June,Exports,Huntingdon,155.7551,5498.304848
06/01/2018,2018,June,Exports,Philipsburg,193.5278,6831.717491
06/01/2018,2018,June,Exports,Total,6126.2881,216263.8627
07/01/2018,2018,July,Exports,Champlain,46.7393,1649.942248
07/01/2018,2018,July,Exports,Highgate Springs,5972,210817.3444
07/01/2018,2018,July,Exports,Huntingdon,162.4933,5736.169789
07/01/2018,2018,July,Exports,Philipsburg,142.5883,5033.504143
07/01/2018,2018,July,Exports,Total,6323.8209,223236.9605
07/01/2018,2018,July,Imports,ST. JOHN,84841.2426,2994977.471
07/01/2018,2018,July,Imports,Total,84841.2426,2994977.471
08/01/2018,2018,August,Exports,Blaine,42.705,1507.527577
08/01/2018,2018,August,Exports,Champlain,68.1874,2407.080808
08/01/2018,2018,August,Exports,Highgate Springs,6304,222537.2637
08/01/2018,2018,August,Exports,Huntingdon,179.2071,6326.183006
08/01/2018,2018,August,Exports,Philipsburg,199.6599,7048.186519
08/01/2018,2018,August,Exports,Total,7026.6389,248047.112
08/01/2018,2018,August,Exports,Vancouver,23.088,815.0286079
08/01/2018,2018,August,Exports,Venterm,209.7915,7405.841744
09/01/2018,2018,September,Exports,Blaine,127.015,4483.751673
09/01/2018,2018,September,Exports,Champlain,46.4941,1641.286452
09/01/2018,2018,September,Exports,Highgate Springs,4889,172586.4026
09/01/2018,2018,September,Exports,Huntingdon,183.023,6460.887946
09/01/2018,2018,September,Exports,Philipsburg,124.29,4387.556552
09/01/2018,2018,September,Exports,Total,6272.4025,221421.8416
09/01/2018,2018,September,Exports,Vancouver,91.6323,3234.708329
09/01/2018,2018,September,Exports,Vanterm,267.4902,9442.661354
09/01/2018,2018,September,Exports,Venterm,543.4579,19184.58661
09/01/2018,2018,September,Imports,North Portal,59.431807,2097.999953
09/01/2018,2018,September,Imports,Total,59.431807,2097.999953
10/01/2018,2018,October,Exports,Champlain,45.8646,1619.064496
10/01/2018,2018,October,Exports,Highgate Springs,5035,177740.3431
10/01/2018,2018,October,Exports,Huntingdon,166.2267,5867.9624
10/01/2018,2018,October,Exports,Philipsburg,279.3362,9860.836548
10/01/2018,2018,October,Exports,Total,5600.285308,197695.4582
10/01/2018,2018,October,Exports,Vanterm,73.857808,2607.251665
11/01/2018,2018,November,Exports,Champlain,68.6342,2422.853278
11/01/2018,2018,November,Exports,Highgate Springs,1536,54222.27745
11/01/2018,2018,November,Exports,Huntingdon,36.2,1277.89482
11/01/2018,2018,November,Exports,Kingsgate,19.02,671.424295
11/01/2018,2018,November,Exports,Philipsburg,258.8348,9137.117408
11/01/2018,2018,November,Exports,Total,1978.689,69849.62496
11/01/2018,2018,November,Exports,Vancouver,60,2118.057713
12/01/2018,2018,December,Exports,Alcan,37.35,1318.490926
12/01/2018,2018,December,Exports,Champlain,45.965,1622.608713
12/01/2018,2018,December,Exports,Jackman,1059.3359,37395.57622
12/01/2018,2018,December,Exports,Philipsburg,360.9539,12742.01986
12/01/2018,2018,December,Exports,Total,1503.6048,53078.69573
12/01/2018,2018,December,Imports,North Portal,19.99529,705.8529701
12/01/2018,2018,December,Imports,ST. JOHN,94098.0237,3321750.748
12/01/2018,2018,December,Imports,Total,94118.01899,3322456.601
01/01/2019,2019,January,Exports,Alcan,46.65,1646.789872
01/01/2019,2019,January,Exports,Champlain,46.265,1633.199001
01/01/2019,2019,January,Exports,Jackman,1168.8631,41261.99174
01/01/2019,2019,January,Exports,Philipsburg,983.3772,34714.16105
01/01/2019,2019,January,Exports,Total,2245.1553,79256.14166
01/01/2019,2019,January,Imports,ST. JOHN,91474.9792,3229154.754
01/01/2019,2019,January,Imports,Total,91474.9792,3229154.754
02/01/2019,2019,February,Exports,Champlain,46.6196,1645.716722
02/01/2019,2019,February,Exports,Jackman,1027.2502,36262.92015
02/01/2019,2019,February,Exports,Philipsburg,506.6909,17886.67615
02/01/2019,2019,February,Exports,Total,1580.5607,55795.31302
02/01/2019,2019,February,Imports,North Portal,28.072889,990.9999845
02/01/2019,2019,February,Imports,ST. JOHN,181927.5242,6422216.597
02/01/2019,2019,February,Imports,Total,181955.5971,6423207.597
03/01/2019,2019,March,Exports,Champlain,46.2998,1634.427475
03/01/2019,2019,March,Exports,Jackman,844.226,29801.98984
03/01/2019,2019,March,Exports,Philipsburg,344.0239,12144.37458
03/01/2019,2019,March,Exports,Total,1399.226515,49394.04187
03/01/2019,2019,March,Exports,Vanterm,164.676815,5813.249969
03/01/2019,2019,March,Imports,ST. JOHN,90934.4892,3210074.937
03/01/2019,2019,March,Imports,Total,90934.4892,3210074.937
04/01/2019,2019,April,Exports,Champlain,46.47,1640.435699
04/01/2019,2019,April,Exports,Jackman,666.5173,23528.7018
04/01/2019,2019,April,Exports,Philipsburg,161.8789,5714.480878
04/01/2019,2019,April,Exports,Total,874.8662,30883.61838
05/01/2019,2019,May,Exports,Philipsburg,285.9981,10096.00803
05/01/2019,2019,May,Exports,Total,319.6281,11283.17937
05/01/2019,2019,May,Exports,Vancouver,33.63,1187.171348
06/01/2019,2019,June,Exports,Champlain,92.4884,3264.929483
06/01/2019,2019,June,Exports,Philipsburg,88.4999,3124.131596
06/01/2019,2019,June,Exports,Total,494.6483,17461.56078
06/01/2019,2019,June,Exports,Vancouver,313.66,11072.4997
07/01/2019,2019,July,Exports,Philipsburg,83.8688,2960.649312
07/01/2019,2019,July,Exports,Total,805.8688,28447.94379
07/01/2019,2019,July,Exports,Vancouver,722,25487.29448
08/01/2019,2019,August,Exports,Philipsburg,80.3074,2834.928466
08/01/2019,2019,August,Exports,Total,527.1074,18607.39823
08/01/2019,2019,August,Exports,Vancouver,446.8,15772.46977
08/01/2019,2019,August,Imports,ST. JOHN,77405.6985,2732495.612
08/01/2019,2019,August,Imports,Total,77405.6985,2732495.612
09/01/2019,2019,September,Exports,Total,2452,86557.95853
09/01/2019,2019,September,Exports,Vancouver,2452,86557.95853
09/01/2019,2019,September,Imports,North Portal,287.665666,10154.87471
09/01/2019,2019,September,Imports,ST. JOHN,79123.5869,2793138.725
09/01/2019,2019,September,Imports,Total,79411.25257,2803293.6
10/01/2019,2019,October,Exports,Philipsburg,82.4227,2909.600591
10/01/2019,2019,October,Exports,Total,2488.6227,87850.77507
10/01/2019,2019,October,Exports,Vancouver,2406.2,84941.17448
10/01/2019,2019,October,Imports,North Portal,399.819122,14113.99958
10/01/2019,2019,October,Imports,Total,399.819122,14113.99958
11/01/2019,2019,November,Exports,Alcan,22.55,796.0366904
11/01/2019,2019,November,Exports,Philipsburg,471.4225,16641.6677
11/01/2019,2019,November,Exports,Total,2037.7725,71935.32934
11/01/2019,2019,November,Exports,Vancouver,1543.8,54497.62495
11/01/2019,2019,November,Imports,Port of Estevan,21.6359,763.7680812
11/01/2019,2019,November,Imports,Total,21.6359,763.7680812
12/01/2019,2019,December,Exports,Alcan,94.05,3320.055465
12/01/2019,2019,December,Exports,Champlain,616.0451,21746.98459
12/01/2019,2019,December,Exports,Philipsburg,1158.5099,40896.51382
12/01/2019,2019,December,Exports,Total,6590.205,232640.5755
12/01/2019,2019,December,Exports,Vancouver,4721.6,166677.0216
01/01/2020,2020,January,Exports,Alcan,21.24,749.7924303
01/01/2020,2020,January,Exports,Champlain,1088.2306,38415.58693
01/01/2020,2020,January,Exports,Philipsburg,1092.0734,38551.24146
01/01/2020,2020,January,Exports,Total,6196.944,218758.0839
01/01/2020,2020,January,Exports,Vancouver,3995.4,141041.4631
01/01/2020,2020,January,Imports,North Portal,67.1366,2369.986557
01/01/2020,2020,January,Imports,ST. JOHN,369195.9925,13032973.66
01/01/2020,2020,January,Imports,Total,369263.1291,13035343.64
02/01/2020,2020,February,Exports,Blaine,16.4625,581.142085
02/01/2020,2020,February,Exports,Philipsburg,767.6575,27099.04814
02/01/2020,2020,February,Exports,Total,784.12,27680.19023
03/01/2020,2020,March,Exports,Blaine,80.4125,2838.638597
03/01/2020,2020,March,Exports,Philipsburg,615.8732,21740.91636
03/01/2020,2020,March,Exports,Total,696.2857,24579.55495
03/01/2020,2020,March,Imports,ST. JOHN,103274.0102,3645671.897
03/01/2020,2020,March,Imports,Total,103274.0102,3645671.897
04/01/2020,2020,April,Exports,Total,998.8,35258.60073
04/01/2020,2020,April,Exports,Vancouver,998.8,35258.60073
04/01/2020,2020,April,Imports,ST. JOHN,80100.3266,2827618.576
04/01/2020,2020,April,Imports,Total,80100.3266,2827618.576
05/01/2020,2020,May,Exports,Philipsburg,125.1642,4418.416653
05/01/2020,2020,May,Exports,Total,851.5642,30061.03536
05/01/2020,2020,May,Exports,Vancouver,726.4,25642.61871
07/01/2020,2020,July,Exports,Pacific Highway,118.4677,4182.023762
07/01/2020,2020,July,Exports,Philipsburg,121.3012,4282.049037
07/01/2020,2020,July,Exports,Total,239.7689,8464.072799
07/01/2020,2020,July,Imports,ST. JOHN,79835.4578,2818268.453
07/01/2020,2020,July,Imports,Total,79835.4578,2818268.453
08/01/2020,2020,August,Exports,Blaine,101.135,3570.16278
08/01/2020,2020,August,Exports,Pacific Highway,156.227,5514.963372
08/01/2020,2020,August,Exports,Total,257.362,9085.126152
09/01/2020,2020,September,Exports,Pacific Highway,156.6276,5529.104937
09/01/2020,2020,September,Exports,Philipsburg,42.4038,1496.894927
09/01/2020,2020,September,Exports,Total,199.0314,7025.999864
09/01/2020,2020,September,Imports,ST. JOHN,81636.4867,2881846.505
09/01/2020,2020,September,Imports,Total,81636.4867,2881846.505
10/01/2020,2020,October,Exports,Blaine,40.0013,1412.084366
10/01/2020,2020,October,Exports,Pacific Highway,188.4033,6650.817711
10/01/2020,2020,October,Exports,Philipsburg,104.4847,3688.410412
10/01/2020,2020,October,Exports,Total,332.8893,11751.31249
10/01/2020,2020,October,Imports,ST. JOHN,75830.0923,2676875.198
10/01/2020,2020,October,Imports,Total,75830.0923,2676875.198
11/01/2020,2020,November,Exports,Blaine,19.855,700.9005981
11/01/2020,2020,November,Exports,Pacific Highway,102.9526,3634.325808
11/01/2020,2020,November,Exports,Total,122.8076,4335.226406
12/01/2020,2020,December,Exports,Blaine,125.2525,4421.533728
12/01/2020,2020,December,Exports,Pacific Highway,74.7123,2637.416054
12/01/2020,2020,December,Exports,Philipsburg,157.6176,5564.052889
12/01/2020,2020,December,Exports,Total,357.5824,12623.00267
12/01/2020,2020,December,Imports,Queenston,279.5873,9869.70062
12/01/2020,2020,December,Imports,ST. JOHN,81434.98,2874733.125
12/01/2020,2020,December,Imports,Total,81714.5673,2884602.825
01/01/2021,2021,January,Exports,Blaine,62.5225,2207.104389
01/01/2021,2021,January,Exports,Champlain,63.238,2232.362227
01/01/2021,2021,January,Exports,Pacific Highway,15.54,548.5769476
01/01/2021,2021,January,Exports,Philipsburg,210.7756,7440.581421
01/01/2021,2021,January,Exports,Total,1714.0761,60508.53507
01/01/2021,2021,January,Exports,Vancouver,1362,48079.91008
01/01/2021,2021,January,Imports,ST. JOHN,241121.6052,8511824.594
01/01/2021,2021,January,Imports,Total,241121.6052,8511824.594
02/01/2021,2021,February,Exports,Blaine,187.8175,6630.138408
02/01/2021,2021,February,Exports,Champlain,330.534,11668.16813
02/01/2021,2021,February,Exports,Philipsburg,319.269,11270.5028
02/01/2021,2021,February,Exports,Total,837.6205,29568.80934
02/01/2021,2021,February,Imports,ST. JOHN,185220.6418,6538466.816
02/01/2021,2021,February,Imports,Total,185220.6418,6538466.816
03/01/2021,2021,March,Exports,Blaine,63.0475,2225.637394
03/01/2021,2021,March,Exports,Champlain,63.1291,2228.517953
03/01/2021,2021,March,Exports,ST. JOHN,1857.3796,65567.28646
03/01/2021,2021,March,Exports,Total,1983.5562,70021.4418
03/01/2021,2021,March,Imports,ST. JOHN,78318.6651,2764724.211
03/01/2021,2021,March,Imports,Total,78318.6651,2764724.211
04/01/2021,2021,April,Exports,Pacific Highway,230.2559,8128.254749
04/01/2021,2021,April,Exports,Total,230.2559,8128.254749
04/01/2021,2021,April,Imports,Queenston,512.2804,18083.99087
04/01/2021,2021,April,Imports,Total,512.2804,18083.99087
05/01/2021,2021,May,Exports,Champlain,20.387,719.6807099
05/01/2021,2021,May,Exports,Pacific Highway,362.6716,12802.65633
05/01/2021,2021,May,Exports,Philipsburg,102.301,3611.323701
05/01/2021,2021,May,Exports,Total,485.3596,17133.66074
05/01/2021,2021,May,Imports,Queenston,613.7214,21664.95575
05/01/2021,2021,May,Imports,Total,613.7214,21664.95575
06/01/2021,2021,June,Exports,Champlain,20.713,731.1888234
06/01/2021,2021,June,Exports,Pacific Highway,274.05,9674.228603
06/01/2021,2021,June,Exports,Surrey,41.82,1476.286226
06/01/2021,2021,June,Exports,Total,336.583,11881.70365
06/01/2021,2021,June,Imports,Queenston,237.7035,8391.162192
06/01/2021,2021,June,Imports,ST. JOHN,78533.1585,2772296.035
06/01/2021,2021,June,Imports,Total,78770.862,2780687.197
07/01/2021,2021,July,Exports,Champlain,39.85,1406.743331
07/01/2021,2021,July,Exports,Huntingdon,63.17,2229.961762
07/01/2021,2021,July,Exports,Pacific Highway,556.8465,19657.21707
07/01/2021,2021,July,Exports,Philipsburg,101.8286,3594.647527
07/01/2021,2021,July,Exports,Total,761.6951,26888.56969
07/01/2021,2021,July,Imports,Queenston,550.3067,19426.35584
07/01/2021,2021,July,Imports,Total,550.3067,19426.35584
08/01/2021,2021,August,Exports,Pacific Highway,609.6363,21520.74779
08/01/2021,2021,August,Exports,Philipsburg,65.088,2297.669007
08/01/2021,2021,August,Exports,Total,674.7243,23818.41679
08/01/2021,2021,August,Imports,Queenston,597.6621,21098.04701
08/01/2021,2021,August,Imports,Total,597.6621,21098.04701
09/01/2021,2021,September,Exports,Blaine,137.2125,4843.733232
09/01/2021,2021,September,Exports,Champlain,36.622,1292.791826
09/01/2021,2021,September,Exports,Pacific Highway,547.4152,19324.28311
09/01/2021,2021,September,Exports,Surrey,20.99,740.9671899
09/01/2021,2021,September,Exports,Total,742.2397,26201.77536
09/01/2021,2021,September,Imports,Queenston,632.5962,22331.25434
09/01/2021,2021,September,Imports,Total,632.5962,22331.25434
10/01/2021,2021,October,Exports,Blaine,38.5425,1360.587323
10/01/2021,2021,October,Exports,Champlain,80.142,2829.089687
10/01/2021,2021,October,Exports,Pacific Highway,639.207,22564.62194
10/01/2021,2021,October,Exports,Philipsburg,137.587,4856.953442
10/01/2021,2021,October,Exports,Total,895.4785,31611.25239
10/01/2021,2021,October,Imports,Queenston,257.787,9100.12906
10/01/2021,2021,October,Imports,ST. JOHN,41718.4307,1472700.732
10/01/2021,2021,October,Imports,Total,41976.2177,1481800.861
11/01/2021,2021,November,Exports,Blaine,57.2575,2021.244825
11/01/2021,2021,November,Exports,Coutts,20.86,736.3780648
11/01/2021,2021,November,Exports,Pacific Highway,293.7747,10370.52949
11/01/2021,2021,November,Exports,Philipsburg,1034.1986,36508.20536
11/01/2021,2021,November,Exports,Surrey,39.17,1382.738677
11/01/2021,2021,November,Exports,Total,1445.2608,51019.09641
11/01/2021,2021,November,Imports,Queenston,287.8281,10160.60879
11/01/2021,2021,November,Imports,ST. JOHN,74451.3815,2628205.38
11/01/2021,2021,November,Imports,Total,74739.2096,2638365.989
12/01/2021,2021,December,Exports,Blaine,152.1475,5370.953098
12/01/2021,2021,December,Exports,Jackman,1434.301,50632.20493
12/01/2021,2021,December,Exports,Kingsgate,41.72,1472.75613
12/01/2021,2021,December,Exports,Pacific Highway,176.5743,6233.242633
12/01/2021,2021,December,Exports,Total,1804.7428,63709.15679
12/01/2021,2021,December,Imports,Queenston,678.463,23950.3965
12/01/2021,2021,December,Imports,Total,678.463,23950.3965
01/01/2022,2022,January,Exports,Blaine,134.905,4762.276263
01/01/2022,2022,January,Exports,Fairbanks,33.47,1181.523194
01/01/2022,2022,January,Exports,Jackman,1540.83,54392.78109
01/01/2022,2022,January,Exports,Philipsburg,341.45,12053.51343
01/01/2022,2022,January,Exports,Total,2050.655,72390.09399
01/01/2022,2022,January,Imports,Queenston,430.2258,15187.38457
01/01/2022,2022,January,Imports,ST. JOHN,149509.7238,5277837.061
01/01/2022,2022,January,Imports,Total,149939.9496,5293024.445
02/01/2022,2022,February,Exports,Jackman,1320.98,46631.86463
02/01/2022,2022,February,Exports,Philipsburg,165.669,5848.275054
02/01/2022,2022,February,Exports,Total,1486.649,52480.13968
02/01/2022,2022,February,Imports,Queenston,143.1681,5053.971641
02/01/2022,2022,February,Imports,Total,143.1681,5053.971641
03/01/2022,2022,March,Exports,Blaine,19.085,673.7188575
03/01/2022,2022,March,Exports,Jackman,903.28,31886.65285
03/01/2022,2022,March,Exports,Pacific Highway,383.9,13552.03927
03/01/2022,2022,March,Exports,Philipsburg,38.96,1375.325475
03/01/2022,2022,March,Exports,Total,1345.225,47487.73645
04/01/2022,2022,April,Exports,Alcan-Beaver Creek Border Crossing,189.0306,6672.962005
04/01/2022,2022,April,Exports,Highgate Springs,3599.929,127080.9564
04/01/2022,2022,April,Exports,Pacific Highway,299.4683,10571.51904
04/01/2022,2022,April,Exports,Philipsburg,18.8396,665.0560014
04/01/2022,2022,April,Exports,Total,4107.2675,144990.4935
04/01/2022,2022,April,Imports,Queenston,504.5751,17811.98637
04/01/2022,2022,April,Imports,Total,504.5751,17811.98637
05/01/2022,2022,May,Exports,Alcan-Beaver Creek Border Crossing,39.554,1396.294246
05/01/2022,2022,May,Exports,Champlain,22.258,785.7288095
05/01/2022,2022,May,Exports,Highgate Springs,4991.884,176218.3068
05/01/2022,2022,May,Exports,Pacific Highway,200.5624,7080.045637
05/01/2022,2022,May,Exports,Total,5254.2584,185480.3755
05/01/2022,2022,May,Imports,Queenston,281.9304,9952.414303
05/01/2022,2022,May,Imports,Total,281.9304,9952.414303
06/01/2022,2022,June,Exports,Alcan-Beaver Creek Border Crossing,323.1318,11406.86335
06/01/2022,2022,June,Exports,Blaine,209.25,7386.726274
06/01/2022,2022,June,Exports,Champlain,44.32,1564.538631
06/01/2022,2022,June,Exports,Highgate Springs,4166.64,147086.3998
06/01/2022,2022,June,Exports,Total,4743.3418,167444.5281
06/01/2022,2022,June,Imports,Queenston,805.8792,28448.31092
06/01/2022,2022,June,Imports,Total,805.8792,28448.31092
07/01/2022,2022,July,Exports,Blaine,101.5,3583.047631
07/01/2022,2022,July,Exports,Champlain,67.7408,2391.315399
07/01/2022,2022,July,Exports,Philipsburg,21.914,773.5852787
07/01/2022,2022,July,Exports,Total,191.1548,6747.948308
08/01/2022,2022,August,Exports,Blaine,263.6,9305.333552
08/01/2022,2022,August,Exports,Coutts,23.3893,825.6647877
08/01/2022,2022,August,Exports,Highgate Springs,4633.4347,163564.7017
08/01/2022,2022,August,Exports,Huntingdon,20.94,739.2021418
08/01/2022,2022,August,Exports,Philipsburg,128.167,4524.418381
08/01/2022,2022,August,Exports,Total,5069.531,178959.3206
09/01/2022,2022,September,Exports,Alcan-Beaver Creek Border Crossing,121.7,4296.127061
09/01/2022,2022,September,Exports,Blaine,195.87,6914.399404
09/01/2022,2022,September,Exports,Champlain,68.578,2420.869364
09/01/2022,2022,September,Exports,Highgate Springs,2801.371,98891.09088
09/01/2022,2022,September,Exports,Total,3187.519,112522.4867
10/01/2022,2022,October,Exports,Alcan-Beaver Creek Border Crossing,201.17,7101.494502
10/01/2022,2022,October,Exports,Blaine,346.47,12230.72426
10/01/2022,2022,October,Exports,Champlain,607.938,21460.79616
10/01/2022,2022,October,Exports,Highgate Springs,4139.724,146136.2391
10/01/2022,2022,October,Exports,Jackman,203.988,7200.972612
10/01/2022,2022,October,Exports,Total,5499.29,194130.2267
10/01/2022,2022,October,Imports,Queenston,661.6723,23357.66864
10/01/2022,2022,October,Imports,Total,661.6723,23357.66864
11/01/2022,2022,November,Exports,Alcan-Beaver Creek Border Crossing,120.785,4263.826681
11/01/2022,2022,November,Exports,Blaine,122.363,4319.531599
11/01/2022,2022,November,Exports,Champlain,52.912,1867.844495
11/01/2022,2022,November,Exports,Highgate Springs,859.067,30325.89142
11/01/2022,2022,November,Exports,Jackman,2001.629,70659.42903
11/01/2022,2022,November,Exports,Total,3397.3777,119930.7007
11/01/2022,2022,November,Exports,Vanterm,240.6217,8494.177459
11/01/2022,2022,November,Imports,ST. JOHN,155759.697,5498467.126
11/01/2022,2022,November,Imports,Total,155759.697,5498467.126
12/01/2022,2022,December,Exports,Blaine,51.132,1805.008783
12/01/2022,2022,December,Exports,Champlain,775.14,27363.18759
12/01/2022,2022,December,Exports,Highgate Springs,158.28,5587.436246
12/01/2022,2022,December,Exports,Jackman,3686.15,130124.6406
12/01/2022,2022,December,Exports,Total,4911.2972,173373.5152
12/01/2022,2022,December,Exports,Vanterm,240.5952,8493.241984
12/01/2022,2022,December,Imports,Queenston,284.5648,10045.41116
12/01/2022,2022,December,Imports,Total,284.5648,10045.41116
01/01/2023,2023,January,Exports,Centerm,48.7313,1720.261764
01/01/2023,2023,January,Exports,Champlain,59.7,2107.467424
01/01/2023,2023,January,Exports,Coutts,43.79,1545.829121
01/01/2023,2023,January,Exports,Jackman,1894.48,66876.96626
01/01/2023,2023,January,Exports,Surrey,59.03,2083.81578
01/01/2023,2023,January,Exports,Total,2814.4981,99354.49014
01/01/2023,2023,January,Exports,Vancouver Port,28.6885,1012.731645
01/01/2023,2023,January,Exports,Vanterm,680.0783,24007.41814
02/01/2023,2023,February,Exports,Highgate Springs,312.56,11033.66865
02/01/2023,2023,February,Exports,Jackman,1417.22,50029.2292
02/01/2023,2023,February,Exports,Surrey,17450,616001.7848
02/01/2023,2023,February,Exports,Total,19666.0198,694229.4153
02/01/2023,2023,February,Exports,Vanterm,486.2398,17164.73264
