Date,U.S. Natural Gas Gross Withdrawals (MMcf),Alaska Natural Gas Gross Withdrawals (MMcf),Arkansas Natural Gas Gross Withdrawals (MMcf),California Natural Gas Gross Withdrawals (MMcf),Colorado Natural Gas Gross Withdrawals (MMcf),Federal Offshore--Gulf of Mexico Natural Gas Gross Withdrawals (MMcf),Kansas Natural Gas Gross Withdrawals (MMcf),Louisiana Natural Gas Gross Withdrawals (MMcf),Montana Natural Gas Gross Withdrawals (MMcf),New Mexico Natural Gas Gross Withdrawals (MMcf),North Dakota Natural Gas Gross Withdrawals (MMcf),Ohio Natural Gas Gross Withdrawals (MMcf),Oklahoma Natural Gas Gross Withdrawals (MMcf),Pennsylvania Natural Gas Gross Withdrawals (MMcf),Texas Natural Gas Gross Withdrawals (MMcf),Utah Natural Gas Gross Withdrawals (MMcf),West Virginia Natural Gas Gross Withdrawals (MMcf),Wyoming Natural Gas Gross Withdrawals (MMcf)
01/01/1973,,,,,,,,,,,,,,,,,,
01/02/1973,,,,,,,,,,,,,,,,,,
01/03/1973,,,,,,,,,,,,,,,,,,
01/04/1973,,,,,,,,,,,,,,,,,,
01/05/1973,,,,,,,,,,,,,,,,,,
01/06/1973,,,,,,,,,,,,,,,,,,
01/07/1973,,,,,,,,,,,,,,,,,,
01/08/1973,,,,,,,,,,,,,,,,,,
01/09/1973,,,,,,,,,,,,,,,,,,
01/10/1973,,,,,,,,,,,,,,,,,,
01/11/1973,,,,,,,,,,,,,,,,,,
01/12/1973,,,,,,,,,,,,,,,,,,
01/01/1974,,,,,,,,,,,,,,,,,,
01/02/1974,,,,,,,,,,,,,,,,,,
01/03/1974,,,,,,,,,,,,,,,,,,
01/04/1974,,,,,,,,,,,,,,,,,,
01/05/1974,,,,,,,,,,,,,,,,,,
01/06/1974,,,,,,,,,,,,,,,,,,
01/07/1974,,,,,,,,,,,,,,,,,,
01/08/1974,,,,,,,,,,,,,,,,,,
01/09/1974,,,,,,,,,,,,,,,,,,
01/10/1974,,,,,,,,,,,,,,,,,,
01/11/1974,,,,,,,,,,,,,,,,,,
01/12/1974,,,,,,,,,,,,,,,,,,
01/01/1975,,,,,,,,,,,,,,,,,,
01/02/1975,,,,,,,,,,,,,,,,,,
01/03/1975,,,,,,,,,,,,,,,,,,
01/04/1975,,,,,,,,,,,,,,,,,,
01/05/1975,,,,,,,,,,,,,,,,,,
01/06/1975,,,,,,,,,,,,,,,,,,
01/07/1975,,,,,,,,,,,,,,,,,,
01/08/1975,,,,,,,,,,,,,,,,,,
01/09/1975,,,,,,,,,,,,,,,,,,
01/10/1975,,,,,,,,,,,,,,,,,,
01/11/1975,,,,,,,,,,,,,,,,,,
01/12/1975,,,,,,,,,,,,,,,,,,
01/01/1976,,,,,,,,,,,,,,,,,,
01/02/1976,,,,,,,,,,,,,,,,,,
01/03/1976,,,,,,,,,,,,,,,,,,
01/04/1976,,,,,,,,,,,,,,,,,,
01/05/1976,,,,,,,,,,,,,,,,,,
01/06/1976,,,,,,,,,,,,,,,,,,
01/07/1976,,,,,,,,,,,,,,,,,,
01/08/1976,,,,,,,,,,,,,,,,,,
01/09/1976,,,,,,,,,,,,,,,,,,
01/10/1976,,,,,,,,,,,,,,,,,,
01/11/1976,,,,,,,,,,,,,,,,,,
01/12/1976,,,,,,,,,,,,,,,,,,
01/01/1977,,,,,,,,,,,,,,,,,,
01/02/1977,,,,,,,,,,,,,,,,,,
01/03/1977,,,,,,,,,,,,,,,,,,
01/04/1977,,,,,,,,,,,,,,,,,,
01/05/1977,,,,,,,,,,,,,,,,,,
01/06/1977,,,,,,,,,,,,,,,,,,
01/07/1977,,,,,,,,,,,,,,,,,,
01/08/1977,,,,,,,,,,,,,,,,,,
01/09/1977,,,,,,,,,,,,,,,,,,
01/10/1977,,,,,,,,,,,,,,,,,,
01/11/1977,,,,,,,,,,,,,,,,,,
01/12/1977,,,,,,,,,,,,,,,,,,
01/01/1978,,,,,,,,,,,,,,,,,,
01/02/1978,,,,,,,,,,,,,,,,,,
01/03/1978,,,,,,,,,,,,,,,,,,
01/04/1978,,,,,,,,,,,,,,,,,,
01/05/1978,,,,,,,,,,,,,,,,,,
01/06/1978,,,,,,,,,,,,,,,,,,
01/07/1978,,,,,,,,,,,,,,,,,,
01/08/1978,,,,,,,,,,,,,,,,,,
01/09/1978,,,,,,,,,,,,,,,,,,
01/10/1978,,,,,,,,,,,,,,,,,,
01/11/1978,,,,,,,,,,,,,,,,,,
01/12/1978,,,,,,,,,,,,,,,,,,
01/01/1979,,,,,,,,,,,,,,,,,,
01/02/1979,,,,,,,,,,,,,,,,,,
01/03/1979,,,,,,,,,,,,,,,,,,
01/04/1979,,,,,,,,,,,,,,,,,,
01/05/1979,,,,,,,,,,,,,,,,,,
01/06/1979,,,,,,,,,,,,,,,,,,
01/07/1979,,,,,,,,,,,,,,,,,,
01/08/1979,,,,,,,,,,,,,,,,,,
01/09/1979,,,,,,,,,,,,,,,,,,
01/10/1979,,,,,,,,,,,,,,,,,,
01/11/1979,,,,,,,,,,,,,,,,,,
01/12/1979,,,,,,,,,,,,,,,,,,
01/01/1980,1960000,,,,,,,,,,,,,,,,,
01/02/1980,1840000,,,,,,,,,,,,,,,,,
01/03/1980,1971000,,,,,,,,,,,,,,,,,
01/04/1980,1806000,,,,,,,,,,,,,,,,,
01/05/1980,1840000,,,,,,,,,,,,,,,,,
01/06/1980,1725000,,,,,,,,,,,,,,,,,
01/07/1980,1756000,,,,,,,,,,,,,,,,,
01/08/1980,1716000,,,,,,,,,,,,,,,,,
01/09/1980,1723000,,,,,,,,,,,,,,,,,
01/10/1980,1790000,,,,,,,,,,,,,,,,,
01/11/1980,1790000,,,,,,,,,,,,,,,,,
01/12/1980,1949000,,,,,,,,,,,,,,,,,
01/01/1981,1890000,,,,,,,,,,,,,,,,,
01/02/1981,1702000,,,,,,,,,,,,,,,,,
01/03/1981,1871000,,,,,,,,,,,,,,,,,
01/04/1981,1808000,,,,,,,,,,,,,,,,,
01/05/1981,1838000,,,,,,,,,,,,,,,,,
01/06/1981,1770000,,,,,,,,,,,,,,,,,
01/07/1981,1797000,,,,,,,,,,,,,,,,,
01/08/1981,1841000,,,,,,,,,,,,,,,,,
01/09/1981,1716000,,,,,,,,,,,,,,,,,
01/10/1981,1781000,,,,,,,,,,,,,,,,,
01/11/1981,1714000,,,,,,,,,,,,,,,,,
01/12/1981,1860000,,,,,,,,,,,,,,,,,
01/01/1982,1870000,,,,,,,,,,,,,,,,,
01/02/1982,1716000,,,,,,,,,,,,,,,,,
01/03/1982,1822000,,,,,,,,,,,,,,,,,
01/04/1982,1719000,,,,,,,,,,,,,,,,,
01/05/1982,1698000,,,,,,,,,,,,,,,,,
01/06/1982,1647000,,,,,,,,,,,,,,,,,
01/07/1982,1672000,,,,,,,,,,,,,,,,,
01/08/1982,1643000,,,,,,,,,,,,,,,,,
01/09/1982,1574000,,,,,,,,,,,,,,,,,
01/10/1982,1615000,,,,,,,,,,,,,,,,,
01/11/1982,1627000,,,,,,,,,,,,,,,,,
01/12/1982,1669000,,,,,,,,,,,,,,,,,
01/01/1983,1748117,,,,,,,,,,,,,,,,,
01/02/1983,1521467,,,,,,,,,,,,,,,,,
01/03/1983,1577466,,,,,,,,,,,,,,,,,
01/04/1983,1542366,,,,,,,,,,,,,,,,,
01/05/1983,1532055,,,,,,,,,,,,,,,,,
01/06/1983,1495326,,,,,,,,,,,,,,,,,
01/07/1983,1551881,,,,,,,,,,,,,,,,,
01/08/1983,1532451,,,,,,,,,,,,,,,,,
01/09/1983,1462650,,,,,,,,,,,,,,,,,
01/10/1983,1531355,,,,,,,,,,,,,,,,,
01/11/1983,1521775,,,,,,,,,,,,,,,,,
01/12/1983,1642136,,,,,,,,,,,,,,,,,
01/01/1984,1895481,,,,,,,,,,,,,,,,,
01/02/1984,1655189,,,,,,,,,,,,,,,,,
01/03/1984,1699551,,,,,,,,,,,,,,,,,
01/04/1984,1671840,,,,,,,,,,,,,,,,,
01/05/1984,1675256,,,,,,,,,,,,,,,,,
01/06/1984,1623846,,,,,,,,,,,,,,,,,
01/07/1984,1682570,,,,,,,,,,,,,,,,,
01/08/1984,1658423,,,,,,,,,,,,,,,,,
01/09/1984,1580166,,,,,,,,,,,,,,,,,
01/10/1984,1667575,,,,,,,,,,,,,,,,,
01/11/1984,1661692,,,,,,,,,,,,,,,,,
01/12/1984,1794932,,,,,,,,,,,,,,,,,
01/01/1985,1833462,,,,,,,,,,,,,,,,,
01/02/1985,1672775,,,,,,,,,,,,,,,,,
01/03/1985,1689944,,,,,,,,,,,,,,,,,
01/04/1985,1601171,,,,,,,,,,,,,,,,,
01/05/1985,1585096,,,,,,,,,,,,,,,,,
01/06/1985,1526158,,,,,,,,,,,,,,,,,
01/07/1985,1570088,,,,,,,,,,,,,,,,,
01/08/1985,1559116,,,,,,,,,,,,,,,,,
01/09/1985,1536110,,,,,,,,,,,,,,,,,
01/10/1985,1594820,,,,,,,,,,,,,,,,,
01/11/1985,1605066,,,,,,,,,,,,,,,,,
01/12/1985,1832894,,,,,,,,,,,,,,,,,
01/01/1986,1822072,,,,,,,,,,,,,,,,,
01/02/1986,1590678,,,,,,,,,,,,,,,,,
01/03/1986,1697033,,,,,,,,,,,,,,,,,
01/04/1986,1532501,,,,,,,,,,,,,,,,,
01/05/1986,1559058,,,,,,,,,,,,,,,,,
01/06/1986,1488517,,,,,,,,,,,,,,,,,
01/07/1986,1530478,,,,,,,,,,,,,,,,,
01/08/1986,1531488,,,,,,,,,,,,,,,,,
01/09/1986,1449958,,,,,,,,,,,,,,,,,
01/10/1986,1549075,,,,,,,,,,,,,,,,,
01/11/1986,1635610,,,,,,,,,,,,,,,,,
01/12/1986,1744243,,,,,,,,,,,,,,,,,
01/01/1987,1830364,,,,,,,,,,,,,,,,,
01/02/1987,1648472,,,,,,,,,,,,,,,,,
01/03/1987,1745201,,,,,,,,,,,,,,,,,
01/04/1987,1646758,,,,,,,,,,,,,,,,,
01/05/1987,1641199,,,,,,,,,,,,,,,,,
01/06/1987,1575395,,,,,,,,,,,,,,,,,
01/07/1987,1592419,,,,,,,,,,,,,,,,,
01/08/1987,1617677,,,,,,,,,,,,,,,,,
01/09/1987,1546332,,,,,,,,,,,,,,,,,
01/10/1987,1691308,,,,,,,,,,,,,,,,,
01/11/1987,1730252,,,,,,,,,,,,,,,,,
01/12/1987,1874822,,,,,,,,,,,,,,,,,
01/01/1988,1931603,,,,,,,,,,,,,,,,,
01/02/1988,1758595,,,,,,,,,,,,,,,,,
01/03/1988,1833049,,,,,,,,,,,,,,,,,
01/04/1988,1690503,,,,,,,,,,,,,,,,,
01/05/1988,1730340,,,,,,,,,,,,,,,,,
01/06/1988,1660533,,,,,,,,,,,,,,,,,
01/07/1988,1680284,,,,,,,,,,,,,,,,,
01/08/1988,1697417,,,,,,,,,,,,,,,,,
01/09/1988,1614511,,,,,,,,,,,,,,,,,
01/10/1988,1753272,,,,,,,,,,,,,,,,,
01/11/1988,1777887,,,,,,,,,,,,,,,,,
01/12/1988,1871261,,,,,,,,,,,,,,,,,
01/01/1989,1871079,,,,,,,,,,,,,,,,,
01/02/1989,1717410,,,,,,,,,,,,,,,,,
01/03/1989,1814437,,,,,,,,,,,,,,,,,
01/04/1989,1742633,,,,,,,,,,,,,,,,,
01/05/1989,1775667,,,,,,,,,,,,,,,,,
01/06/1989,1688471,,,,,,,,,,,,,,,,,
01/07/1989,1725453,,,,,,,,,,,,,,,,,
01/08/1989,1720256,,,,,,,,,,,,,,,,,
01/09/1989,1649263,,,,,,,,,,,,,,,,,
01/10/1989,1724142,,,,,,,,,,,,,,,,,
01/11/1989,1789778,,,,,,,,,,,,,,,,,
01/12/1989,1855838,,,,,,,,,,,,,,,,,
01/01/1990,1938977,,,,,,,,,,,,,,,,,
01/02/1990,1719684,,,,,,,,,,,,,,,,,
01/03/1990,1841822,,,,,,,,,,,,,,,,,
01/04/1990,1752771,,,,,,,,,,,,,,,,,
01/05/1990,1781076,,,,,,,,,,,,,,,,,
01/06/1990,1712084,,,,,,,,,,,,,,,,,
01/07/1990,1757476,,,,,,,,,,,,,,,,,
01/08/1990,1764953,,,,,,,,,,,,,,,,,
01/09/1990,1690802,,,,,,,,,,,,,,,,,
01/10/1990,1841740,,,,,,,,,,,,,,,,,
01/11/1990,1825816,,,,,,,,,,,,,,,,,
01/12/1990,1895421,,,,,,,,,,,,,,,,,
01/01/1991,1956947,206213,19595,36651,21103,,64057,475615,5317,98168,5413,13138,194179,13538,613705,29169,17794,81224
01/02/1991,1737959,192757,16126,32831,24172,,54742,415395,4533,81480,4886,11794,176577,12153,540324,25803,15880,72419
01/03/1991,1889228,212592,16675,39214,24435,,58012,446189,4861,90924,5408,12855,189362,13271,578880,28696,17289,87728
01/04/1991,1799742,193357,13393,37554,25590,,52088,427529,4866,87912,5186,12191,182592,12588,556087,27430,16401,83390
01/05/1991,1786338,189547,13191,37761,23263,,50888,421558,4600,87739,5231,12085,181866,12483,561205,26066,16256,79090
01/06/1991,1712514,190891,12183,35557,23548,,46821,394184,3543,83496,5259,11737,168292,12115,546366,25904,15660,78893
01/07/1991,1740174,198657,12113,39094,23557,,45032,392974,3583,78816,5595,11966,176757,12372,555274,26327,15973,79998
01/08/1991,1740663,194613,11439,37700,24550,,42868,396947,4173,84884,5337,11942,171545,12338,551733,27840,15968,84670
01/09/1991,1715762,186968,11397,38819,23440,,43595,399564,4023,85430,4737,11590,167685,11991,550257,23393,15638,79188
01/10/1991,1863592,206342,13248,43053,24584,,50514,436848,4479,93028,4987,12612,180504,13054,590111,28671,17037,84356
01/11/1991,1864008,199164,14747,41556,25178,,58127,434276,4241,91833,5214,12611,179976,13042,588828,28721,16994,86145
01/12/1991,1942461,207795,15525,40046,31698,,63441,458989,4783,94910,5404,13130,184516,13555,612771,25640,17715,81377
01/01/1992,1952053,220207,18688,40367,28269,,65091,453270,5106,97887,5278,12811,184091,12329,598880,27197,16181,91656
01/02/1992,1747923,216672,16702,36985,26307,,56523,402327,4902,88307,4889,11514,166004,11001,528013,25078,14439,66059
01/03/1992,1837330,225612,18015,39291,25490,,53640,420967,5332,96143,5203,12436,165802,11762,553839,25991,15437,86107
01/04/1992,1801298,219351,17364,39024,26125,,47570,411917,4653,103739,4783,11936,168030,11377,538891,23358,14931,82918
01/05/1992,1841543,214908,17271,39717,27205,,50404,431327,4504,110218,4881,11885,165080,11468,560714,25028,15051,78099
01/06/1992,1799501,204193,16725,36276,27139,,48717,417000,3734,103727,4865,11431,166336,11110,543985,25354,14580,83725
01/07/1992,1841528,207403,17032,37994,26396,,49180,427388,3938,113534,5024,11646,160800,11339,556864,26008,14882,92895
01/08/1992,1798984,205162,17039,36885,27842,,48695,382708,3854,115909,5049,11664,159160,11212,562265,25896,14715,92078
01/09/1992,1786200,213266,16837,35860,27128,,47944,381170,3842,110818,4841,11528,160231,11089,555604,26956,14553,87299
01/10/1992,1898912,229947,18149,37302,28391,,56453,414845,4583,113532,5203,12472,170825,11902,579459,27416,15620,91334
01/11/1992,1871098,225054,18132,34459,29527,,64486,406315,5144,115884,4900,12450,172795,11789,557729,27403,15473,92754
01/12/1992,1955878,243938,18951,34695,34175,,71039,428235,5218,120081,5063,13042,178201,12296,571770,28590,16137,91893
01/01/1993,1965166,241168,17881,35778,32694,,68326,423076,5335,118270,5424,12178,181837,11538,586639,29036,15164,94983
01/02/1993,1767708,215639,16025,31941,29383,,59556,382554,4826,110194,5010,10875,162387,10337,531285,27418,14540,85936
01/03/1993,1943064,241867,17402,34552,33718,,61876,406496,5124,120573,5517,11718,174972,11214,589124,31267,14678,97361
01/04/1993,1842904,223263,16655,33088,34380,,55016,395723,4790,115915,5467,11238,167804,10773,569381,29882,13676,77740
01/05/1993,1878769,225685,16899,33431,36385,,56230,411114,4693,121341,5533,11318,169008,10929,579566,27942,13828,79381
01/06/1993,1794868,203582,16225,32111,33931,,53159,394868,4058,115051,5365,10862,162193,10505,558683,28358,13984,71670
01/07/1993,1850299,204453,16661,32692,32995,,53089,412879,3995,116464,5541,11030,164704,10759,576857,27521,13701,83442
01/08/1993,1871405,219932,16699,32747,34802,,51079,420433,3454,121483,5541,11034,164753,10778,572473,25763,14144,85985
01/09/1993,1832337,213811,16417,32302,33910,,47670,417563,4095,117900,5308,10879,162440,10595,555943,24670,14031,84823
01/10/1993,1950320,249679,17570,34947,35488,,54487,440892,5064,122550,5388,11850,176939,11352,574332,27934,14506,87192
01/11/1993,1965775,262373,17644,35074,36448,,60596,458579,4920,123183,5318,11871,177265,11404,551251,27324,13568,86045
01/12/1993,2063028,276888,18474,36704,39870,,67071,482445,5163,127407,5539,12432,185638,11946,571392,29068,15205,88044
01/01/1994,2022627,268574,17082,34930,39207,,70958,441368,4998,130793,5466,11722,171629,10523,577140,28316,16294,91580
01/02/1994,1815466,239920,15309,31184,35941,,61850,402280,4529,121891,5014,10468,153271,9428,526756,28226,15623,81686
01/03/1994,2028595,269535,16624,33733,38103,,64259,436425,4625,133334,5459,11280,165150,10227,593034,30799,15772,89771
01/04/1994,1924133,248381,15911,32303,38734,,57135,423914,4439,128118,5418,10818,158384,9826,573725,29630,14695,92679
01/05/1994,1983962,250838,16144,32638,41588,,58396,438127,4132,134175,5580,10895,159521,9967,589005,29997,14859,89438
01/06/1994,1881268,225763,15500,31349,36686,,55207,420754,3399,127092,5282,10456,153088,9581,573948,28579,15027,81840
01/07/1994,1942942,226822,15917,31916,38457,,55134,434335,3440,128736,5365,10618,155458,9813,597196,29370,14722,89362
01/08/1994,1970795,243652,15953,31971,39010,,53046,435920,3797,134315,5271,10621,155505,9830,595742,30013,15198,96092
01/09/1994,1877710,237312,15683,31536,39176,,49506,411131,3970,130437,4982,10472,153321,9663,563076,28336,15077,87603
01/10/1994,1981888,277488,16785,34118,40396,,56586,428858,4512,135442,5325,11406,167006,10353,568696,28414,15588,90935
01/11/1994,2035684,290954,16856,34242,39810,,62930,462108,4533,136403,5086,11428,167314,10401,569968,27656,14579,89240
01/12/1994,2115634,306660,17648,35834,39922,,69654,490877,4698,141061,4984,11967,175216,10895,583419,27683,16338,90636
01/01/1995,2043131,293221,17078,33825,49002,,64385,441789,4965,135680,4914,11206,160707,9693,576206,27546,16512,100479
01/02/1995,1821998,262194,15305,30198,43073,,60800,390626,4316,126422,4461,10008,143517,8684,522018,25887,15832,83712
01/03/1995,2025808,295252,16621,32666,47698,,59543,421704,4752,138319,5009,10783,154640,9421,585078,29521,15983,94527
01/04/1995,1944500,271958,15908,31282,46006,,59716,415676,4417,132959,4730,10342,148305,9050,568598,28400,14892,94125
01/05/1995,1996735,274472,16140,31606,46753,,61806,437500,4186,139198,4857,10416,149369,9181,586032,26636,15058,90777
01/06/1995,1910423,246902,15496,30358,44730,,58845,416802,3459,131949,4770,9996,143346,8825,572868,21539,15228,87016
01/07/1995,1960252,246629,15913,30907,44123,,59992,437583,3537,133592,4333,10151,145565,9039,591609,23180,14919,91052
01/08/1995,1964637,266320,15950,30960,44199,,58610,425397,3619,139356,4854,10154,145609,9054,587481,23550,15401,89264
01/09/1995,1914391,258532,15680,30538,42633,,53901,427136,3777,135269,4711,10011,143565,8901,565874,23892,15278,87351
01/10/1995,1988496,303310,16781,33039,46478,,58902,406366,4395,140567,4828,10905,156378,9537,570649,22666,15796,94532
01/11/1995,2045375,317059,16852,33159,46491,,60856,457137,4610,141362,4579,10925,156667,9580,566785,23901,14774,92177
01/12/1995,2127881,334056,17644,34701,38446,,66034,485064,4731,146204,4628,11441,164066,10035,579458,26516,16557,95100
01/01/1996,2049073,301376,18900,30585,49685,,63226,440515,4542,145243,4748,10578,143693,11975,591346,25848,15059,96026
01/02/1996,1937875,285293,18334,32408,46512,,62932,415699,4310,135363,4307,9447,139115,10694,557318,23523,14439,89928
01/03/1996,2051442,302965,20252,34454,48779,,63277,449686,4483,147918,4643,10179,131701,11523,600145,24135,14577,95032
01/04/1996,2000697,276137,18186,33677,46246,,61100,439158,4144,142006,4541,9762,147949,11051,574777,23060,13581,91283
01/05/1996,2022455,253591,17518,33599,47900,,62441,454603,4295,148834,4757,9832,149425,11130,603819,23810,13732,89066
01/06/1996,1959001,262958,17606,32733,46151,,56542,438611,3530,141155,4542,9435,143675,10681,578686,22613,13887,80609
01/07/1996,2007073,256519,18100,34174,46549,,57322,453464,3673,134102,4622,9581,146451,10847,602948,22433,13606,92427
01/08/1996,2025372,267370,18430,33866,52240,,55363,458064,4116,136002,4714,9584,148463,10850,598966,23031,14046,92084
01/09/1996,1966704,272968,18695,32879,46296,,55784,443910,4237,130724,4740,9450,143302,10698,576586,22981,13934,87556
01/10/1996,2030248,296292,18930,33999,51394,,57819,439902,4744,132363,4819,10293,150322,11652,594202,23541,14406,91981
01/11/1996,2008920,292599,19895,33437,50936,,58692,448707,4593,133227,4658,10312,146828,11674,572473,23295,13474,90730
01/12/1996,2054700,305514,19600,34199,51328,,61133,469079,5001,137741,4627,10799,143965,12225,576936,22938,15099,93827
01/01/1997,2080127,301992,19915,32765,53471,432713,60361,134821,4727,148541,4297,10311,144608,7096,491269,24341,15274,95958
01/02/1997,1897202,285923,17069,29858,49142,396681,55425,121713,4516,135836,4255,9208,134455,6337,448008,21645,14645,88468
01/03/1997,2094342,303621,18342,33632,54712,438926,60261,134833,4913,151128,4754,9922,147098,6828,500813,23638,14785,98154
01/04/1997,1984535,276753,17416,32520,53181,423131,58515,126882,4722,145694,4650,9516,136246,6549,479991,20569,13775,99348
01/05/1997,2032294,254173,17196,32924,53216,435592,61828,129539,4632,149841,4847,9584,142336,6596,492955,22604,13929,97753
01/06/1997,1943561,263530,16715,32687,51520,426888,60159,118560,3896,138457,4666,9197,138038,6330,469493,21261,14086,89491
01/07/1997,2011169,257063,16863,34216,53741,434325,58392,122768,4191,145057,4696,9340,144769,6428,485521,23140,13801,97342
01/08/1997,2013271,267980,17155,34101,54767,439712,62081,124649,4310,147409,4810,9343,147528,6430,483226,22268,14247,94033
01/09/1997,1979180,273595,16441,33090,53540,428689,49792,120825,4251,142143,4755,9211,150488,6339,467310,23171,14133,97832
01/10/1997,2056810,296925,17769,34063,55061,440668,53961,135874,3273,147896,4850,10034,145054,6905,479632,24243,14612,99080
01/11/1997,1999185,293241,17253,33792,56446,425849,54299,132006,4897,134022,4765,10052,135537,6918,465642,23938,13666,96290
01/12/1997,2043797,306153,18654,34003,57927,441756,53980,135532,5291,131445,4949,10527,137731,7245,465743,24103,15315,99364
01/01/1998,2103350,301837,17907,34320,58198,443757,53181,135584,5159,142541,4935,10208,158138,11560,493460,22781,15960,100342
01/02/1998,1890587,285739,15344,29705,53709,398519,48832,125182,4823,130346,4344,9116,129803,10323,449886,22494,15303,91826
01/03/1998,2097816,303437,16473,33367,59644,448486,53093,136311,5158,145024,4683,9823,140812,11123,495307,24410,15449,100054
01/04/1998,2009141,276571,15675,31131,58382,438144,51554,134472,4970,139798,4694,9421,138606,10668,481373,24247,14393,95700
01/05/1998,2053427,253993,15471,33413,58778,457815,54474,137603,5115,143773,4952,9488,147808,10744,494995,26208,14554,91932
01/06/1998,1988362,263368,15033,32046,56504,435237,53003,133592,4549,132833,4768,9106,138309,10311,478404,25169,14718,93484
01/07/1998,2017746,256916,15141,34472,58585,439093,51446,134688,4824,139174,4900,9246,137825,10470,494102,25380,14420,95647
01/08/1998,2037306,267793,15432,34254,59309,443144,54188,133875,4736,141431,4976,9249,140044,10474,498769,26349,14886,97203
01/09/1998,1883936,273401,14803,33305,57691,336241,43550,122499,4891,136380,4750,9119,137263,10327,476492,23834,14767,96535
01/10/1998,2029621,296751,16002,34760,61637,421315,47195,123298,5046,141911,4943,9933,135641,11248,489829,26100,15268,101880
01/11/1998,1972556,293056,15555,33382,60275,414058,47491,128045,5050,128573,4814,9952,136940,11269,473462,25344,14280,99308
01/12/1998,2024280,305985,16873,33415,62098,434518,47212,134286,5187,126140,4855,10422,128176,11801,472814,24949,16003,97535
01/01/1999,2065702,300298,17794,37286,60952,436171,52341,137715,5288,143211,4644,9714,136464,15497,478317,24990,15606,105643
01/02/1999,1873657,284328,14696,32271,62515,395293,43919,127263,4826,129331,4132,8675,122201,13839,433196,22657,14964,94906
01/03/1999,2064381,301925,15655,36281,59758,435012,47418,138223,5296,142476,4478,9347,134867,14912,472583,24914,15107,104105
01/04/1999,1959557,275211,14429,33817,58182,424724,46029,136238,4946,139358,4510,8964,125888,14301,456627,23369,14075,99404
01/05/1999,1975317,252760,14696,36327,61727,432489,46272,138504,5119,138889,4554,9029,127160,14403,470432,23940,14232,96558
01/06/1999,1937399,262059,13519,34789,58777,414495,46578,134742,4730,139067,4548,8664,127425,13823,455141,23186,14392,95251
01/07/1999,1982772,255626,13607,37500,60440,431981,46379,136010,5182,141716,4816,8799,133654,14037,470415,22676,14101,98348
01/08/1999,1986161,266489,13909,37276,60904,424513,46027,135563,5128,144769,4857,8801,144298,14041,466628,22316,14556,96605
01/09/1999,1936842,272074,14011,36252,58837,408237,44413,124225,5031,138053,4670,8678,131722,13844,456559,21058,14440,98372
01/10/1999,2017247,295266,14487,37828,62162,421312,45465,125085,5310,144770,4845,9452,140024,15079,475101,22897,14930,104438
01/11/1999,1982844,291605,14450,36306,60879,409660,44214,129555,5053,141471,4741,9470,136279,15107,464336,22295,13964,98388
01/12/1999,2040832,304440,15906,36281,64804,419049,45864,135790,5635,130705,4840,9917,134021,15821,475616,22667,15649,108219
01/01/2000,2055436,315154,16208,36084,65691,411264,49722,123121,6047,146926,4815,9325,140183,13306,477074,22937,23420,111947
01/02/2000,1908564,298493,14415,31245,60729,385685,41722,114912,5519,139217,4339,8327,125741,11882,446976,21419,22456,103252
01/03/2000,2075453,316937,15146,35160,64998,418062,45045,125909,6057,148185,4522,8973,140811,12803,483371,22799,22670,109568
01/04/2000,1957991,288934,13532,33006,61643,398966,43726,121745,5659,138538,4520,8605,132697,12279,469231,22606,21121,107014
01/05/2000,2001347,265398,13468,35119,65743,413434,43957,125549,5857,145021,4805,8667,136652,12367,485579,23625,21357,110159
01/06/2000,1964009,275096,13289,33824,59775,405362,44247,122373,5413,139215,4598,8318,136693,11868,474129,23075,21598,106683
01/07/2000,2017945,268314,13825,36234,63142,422701,44058,124581,5932,143622,4802,8446,138946,12052,487588,23625,21161,110177
01/08/2000,2038022,279806,13899,36037,64940,423114,43724,126663,5870,141800,4652,8449,139930,12055,486617,23742,21844,111084
01/09/2000,1987026,285676,13820,35056,62891,411610,42191,123359,5758,141239,4630,8330,132330,11886,470499,23753,21670,109050
01/10/2000,2097748,309932,14683,36587,64226,428272,43190,129791,6077,145083,4831,9074,145745,12947,485947,24219,22404,116432
01/11/2000,1999721,306123,14359,35219,63620,415005,42001,121829,5784,139528,4497,9090,119411,12971,468245,23613,20955,111997
01/12/2000,2070613,319531,15210,35295,62814,434219,43569,124697,6450,145332,4778,9520,123749,13584,487664,25704,23483,118679
01/01/2001,2096948,306284,15756,35716,69592,434184,45411,127093,7023,145577,4795,8880,133934,11607,485693,25331,17014,135988
01/02/2001,1910051,289865,14015,30911,63167,398663,38104,118448,6411,133469,4267,7930,122434,10366,439867,23275,16313,123469
01/03/2001,2116381,307842,14730,34805,68499,439076,41140,131935,7036,146739,4831,8545,138604,11169,486946,26055,16469,139081
01/04/2001,2028145,280553,13172,32572,64677,435345,39934,127616,6573,142248,4827,8195,136210,10711,471990,25441,15344,133725
01/05/2001,2070749,257620,13114,34816,66433,441501,40146,132447,6804,145163,5077,8253,145606,10788,489892,25466,15515,133920
01/06/2001,1993266,267186,12936,33417,67164,417857,40411,125951,6288,135907,4626,7921,135712,10353,476276,24687,15690,132069
01/07/2001,2041970,260665,13460,35950,66719,434635,40238,130298,6890,144913,4947,8043,136425,10514,488999,25030,15373,136519
01/08/2001,2056737,271625,13517,35774,70828,419998,39933,130054,6818,147000,5044,8046,138939,10517,489080,25075,15869,137173
01/09/2001,2009185,277306,13462,34800,69324,418958,38533,124175,6689,140386,4759,7933,133915,10369,475459,24361,15742,136979
01/10/2001,2097034,301072,14305,36313,71979,419260,39445,126409,7059,145150,4849,8641,137551,11294,492077,25618,16276,145922
01/11/2001,2006035,297295,13980,34898,71281,396367,38360,124609,6718,141138,4936,8657,121359,11315,470340,25439,15223,140303
01/12/2001,2074278,310466,14788,34867,75715,410171,39791,125638,7492,144701,5029,9065,134696,11850,485829,25642,17060,139839
01/01/2002,2057728,310698,14059,34174,75985,383809,39863,119784,7420,143639,5000,9150,135501,13997,482448,25333,16869,143935
01/02/2002,1858737,294068,12429,29571,70753,345197,35543,110272,6773,130628,4513,8172,118989,12500,435128,23160,16174,133229
01/03/2002,2061811,312299,13614,33286,78835,389496,39574,119986,7434,143178,4937,8805,132421,13469,482526,25369,16328,143972
01/04/2002,1978245,284625,13233,31130,74312,392340,38471,115859,6944,135838,4870,8444,132801,12917,467486,24023,15213,141279
01/05/2002,2027979,261368,13954,33331,79287,408474,39562,121162,7188,141475,5169,8505,135747,13010,482110,24786,15382,146680
01/06/2002,1969276,271056,13033,31977,75819,398477,38892,119114,6643,132358,4878,8162,126986,12485,467132,23766,15556,141519
01/07/2002,2036905,264432,13697,34422,78466,413392,39135,120274,7279,140005,5040,8288,134161,12679,483971,24136,15241,145857
01/08/2002,2018574,275574,13662,34264,81160,411800,38915,117100,7203,138856,5132,8291,133399,12682,481689,24631,15734,139480
01/09/2002,1922715,281340,13326,33325,79250,339794,36341,108883,7067,135425,5536,8174,136233,12504,463075,23067,15608,142359
01/10/2002,1976488,305426,13747,34775,84897,316395,37194,103964,7458,140978,5097,8904,136571,13620,478697,25136,16137,151129
01/11/2002,1979436,301604,13462,33407,80191,366864,35864,111570,7098,135553,4849,8920,128824,13645,460797,24473,15093,155799
01/12/2002,2053385,314949,13907,33361,86704,381589,36778,114494,7916,137974,4957,9342,129974,14290,475945,25183,16914,162236
01/01/2003,2056766,319684,14417,32680,86914,381172,36708,116475,7550,134375,4821,8305,126173,14177,474682,24589,16645,161160
01/02/2003,1880691,302602,13150,29325,78600,350913,32730,107306,6693,123955,4305,7419,115436,12661,432716,22486,15959,145025
01/03/2003,2104114,321353,13977,32170,86212,398140,36441,121045,7247,141622,4757,7992,135222,13642,490445,24850,16112,159737
01/04/2003,2007565,292889,13808,30642,83280,388074,35426,117071,6965,133135,4502,7666,135370,13083,471950,23698,15011,151054
01/05/2003,2016922,268967,14455,32509,86321,393109,36430,119967,6938,138228,4688,7720,129062,13177,492743,24123,15178,143494
01/06/2003,1970130,278917,13953,31001,83389,370801,35813,115378,6938,130816,4776,7410,131943,12646,476846,23547,15350,146507
01/07/2003,1991705,272093,14482,31564,85782,363173,36038,117376,7099,137610,4918,7524,129231,12841,496673,23100,15039,149798
01/08/2003,2033633,283583,14489,30235,87498,377014,35835,118298,7202,137408,4927,7526,136173,12845,496449,23666,15525,151081
01/09/2003,1976511,289519,14068,29534,85862,356722,33464,112239,7064,134151,4965,7421,120935,12665,482398,23139,15401,150603
01/10/2003,2057161,314278,14184,29736,89121,365170,34250,116426,7497,138016,5009,8082,134657,13795,496195,23918,15923,159381
01/11/2003,1977961,310354,13850,29256,86075,346264,33025,110067,7351,132111,5044,8097,130438,13821,479265,23150,14893,155165
01/12/2003,2045819,324067,15121,29788,82239,356796,33867,106482,7888,134751,5174,8478,133515,14474,500962,24094,16690,163110
01/01/2004,2062805,325581,15728,30913,94099,359035,34800,111364,7810,138867,5154,8025,139607,17486,482037,23401,17486,160806
01/02/2004,1920843,308161,14962,27735,86243,337697,31028,106101,7370,128049,4688,7168,130851,16766,450702,22660,16766,151438
01/03/2004,2076537,327264,15362,30426,93106,368940,34547,115588,7977,137370,5076,7722,134860,16926,483107,24079,16926,162688
01/04/2004,1995315,298266,14584,28962,89387,355585,33585,113393,7714,133898,4709,7406,137976,15770,470009,23481,15770,157368
01/05/2004,2001333,273897,15583,30772,92458,360669,34537,117347,8195,136811,4588,7459,135587,15946,485909,24418,15946,162185
01/06/2004,1965797,284045,15270,29353,89521,336707,33952,114024,7960,131917,4427,7159,138480,16126,469302,23853,16126,156687
01/07/2004,2019157,277103,15776,29911,91552,354323,34165,118372,8125,141334,4601,7270,140710,15799,487375,23904,15799,162410
01/08/2004,2016570,288784,15752,28646,90088,347930,33973,119691,8217,141929,4693,7272,136376,16310,485646,23767,16310,164278
01/09/2004,1909243,294827,15194,27976,89762,272780,31725,111228,8077,137936,4787,7170,144521,16180,471271,24230,16180,157001
01/10/2004,2009174,320061,16503,28163,93001,297369,32470,118631,8511,141263,4913,7809,139178,16728,489866,25964,16728,166566
01/11/2004,1969226,316057,16102,27707,90494,306517,31309,116124,8681,136970,4821,7823,140032,15646,473970,24838,15646,161728
01/12/2004,2023680,330038,16494,28263,89912,303133,32107,115431,9201,138395,4876,8192,137593,17534,484725,25990,17534,165884
01/01/2005,2035036,325519,16164,31212,98007,310146,33057,113614,8937,143812,4708,7408,138342,14940,493037,25024,17878,165465
01/02/2005,1870546,308059,14706,28005,88255,287094,29474,104459,8267,128431,4327,6617,127685,14325,452513,23133,16780,151690
01/03/2005,2080504,327167,16332,30746,97165,323892,32817,117362,9030,139153,4928,7129,145351,14462,510064,25873,18192,166470
01/04/2005,1979474,298161,15517,29284,93600,313344,31902,114686,8641,137185,4661,6837,136580,13474,494121,25380,17191,158935
01/05/2005,2010625,273786,15964,31061,97568,329586,32807,118551,8927,141254,4739,6886,140691,13624,506138,26322,18484,166154
01/06/2005,1972975,283958,15466,29617,94283,310887,32251,114275,8641,134444,4588,6609,135050,13778,490319,25637,18118,161395
01/07/2005,1984143,277031,16072,30164,96496,295265,32453,116505,8968,140540,4619,6711,134156,13499,511900,25853,18424,168517
01/08/2005,1988105,288670,16237,28890,97654,277113,32271,112148,9157,141018,4697,6713,141103,13935,517106,25837,19884,171957
01/09/2005,1766603,294707,15437,28216,95365,139762,30136,87392,9096,136983,4515,6619,130351,13824,480599,26204,18476,167713
01/10/2005,1871190,319974,16574,28417,99023,134985,30843,96089,9606,143240,4771,7209,137950,14292,519193,27767,18918,173643
01/11/2005,1901758,315956,16058,27966,95741,195597,29741,104307,9552,135427,4634,7222,136648,13368,508396,27147,18963,175498
01/12/2005,1995862,329961,16248,28466,90827,233147,30499,110526,9732,135363,4717,7562,135403,14981,523453,27816,19801,176388
01/01/2006,1975168,286557,18600,30952,103662,245725,32513,113127,9830,136587,4909,7655,136766,15601,527796,28479,18236,174333
01/02/2006,1794241,271070,16996,27785,93997,214905,28989,103239,8773,123708,4331,6839,124368,14958,474652,26069,17116,157822
01/03/2006,1994464,287919,19815,30563,103540,240816,32277,117030,9725,138270,4969,7367,138621,15101,531371,29184,18556,175631
01/04/2006,1908987,262346,19623,29017,99408,239564,31378,113145,9220,131803,4946,7066,136890,14070,516597,28351,17535,168403
01/05/2006,1956520,240858,21106,30644,103078,257004,32267,118471,9555,137327,5178,7117,141567,14226,536217,29536,18853,170336
01/06/2006,1938796,249885,21531,29272,99375,248874,31721,115738,9096,133693,5077,6831,142795,14387,517015,28683,18480,169672
01/07/2006,1975235,243823,22697,29833,102279,257355,31919,117446,9503,138349,5281,6936,145708,14096,535468,29379,18792,180522
01/08/2006,1989430,253961,24011,28649,104063,251758,31740,117321,9579,138431,5393,6938,144574,14551,538636,30589,20282,177627
01/09/2006,1946109,259264,24250,28026,99856,239748,29640,114310,9276,135143,5470,6841,141651,14435,527240,30314,18845,169750
01/10/2006,2025782,281606,26530,28420,104779,243308,30336,117757,9669,138675,5780,7449,147171,14924,544147,31712,19296,187948
01/11/2006,1974331,278030,26979,27800,101083,236828,29251,113584,9603,133419,5561,7463,141960,13959,529244,31386,19342,184910
01/12/2006,2055955,290431,28606,28178,99275,238246,29997,117068,10208,134122,5891,7814,146915,15643,548050,32638,20197,194811
01/01/2007,2042882,310601,18480,30113,104697,236459,32061,115248,10239,130232,5793,7813,143652,16162,544531,30916,19128,192064
01/02/2007,1878003,294268,16898,27029,94018,215086,28586,102823,9202,119013,5272,6980,135801,15496,505229,29404,17223,169132
01/03/2007,2094555,312427,19708,29707,105291,239968,31829,116240,10053,132893,5743,7519,155580,15644,573789,33885,18887,190607
01/04/2007,1994942,284857,19519,28270,104247,233583,30941,113812,9597,128187,5679,7212,143347,14575,556461,32948,18577,182796
01/05/2007,2066642,261684,21065,29860,107323,243577,31819,119834,10158,134704,5915,7263,154356,14738,582952,34917,19393,187427
01/06/2007,2019862,271187,21501,28500,104550,230158,31280,116256,9900,130244,5813,6971,147494,14904,572406,32497,18926,182543
01/07/2007,2053286,264475,22656,29012,107792,232203,31476,119947,10070,134006,6080,7079,151953,14603,592865,33816,19676,188928
01/08/2007,2076235,275882,23986,27834,105171,229259,31299,116535,10275,130726,6310,7081,152632,15074,602354,34031,19490,191549
01/09/2007,2040241,281678,24311,27208,108523,222287,29228,113524,10043,130876,6062,6982,146768,14954,586933,29516,19858,185282
01/10/2007,2122193,305507,26687,27512,107143,239307,29914,117465,10347,132805,6285,7603,153292,15461,612401,27891,19471,187463
01/11/2007,2098602,301783,26984,26979,106292,233331,28845,113552,10195,127857,6195,7617,147270,14460,602629,31701,20197,195369
01/12/2007,2176213,314942,28621,27366,99483,257979,29581,117592,10496,123906,5650,7976,151537,16205,628308,33839,20359,204723
01/01/2008,2155041,304829,29127,29542,114928,242267,31513,117716,10347,118409,6468,7525,155550,17582,627482,33860,20532,200553
01/02/2008,2043801,288924,29137,26515,105694,229553,29798,109944,9576,114795,6012,6723,149163,16858,597775,32759,19590,186632
01/03/2008,2204088,306717,33029,29147,114051,240471,31987,118418,10290,127968,6659,7242,157287,17019,648430,35603,20545,208374
01/04/2008,2112605,279700,33110,27741,116999,210306,30733,115563,9922,124722,6635,6947,156231,15856,631977,35552,19860,203024
01/05/2008,2153316,256989,35399,29309,114903,209626,30356,121942,10130,129281,7192,6996,161657,16033,663122,37061,20394,209903
01/06/2008,2118791,266239,35871,27969,107291,220165,30722,119677,9685,119265,7303,6715,157235,16214,643388,35952,20092,205171
01/07/2008,2205260,259613,38935,28475,118841,231494,32049,124245,10058,129551,7529,6819,162948,15886,667954,37209,20886,215127
01/08/2008,2193566,270923,40692,27312,125735,212921,32027,120788,10150,126863,7718,6821,151791,16399,675080,39587,21025,211892
01/09/2008,1919520,276623,39472,26694,121460,62990,30949,88802,9899,122067,7798,6726,156729,16268,613057,38268,19722,193415
01/10/2008,2153389,299905,42630,26983,119659,135398,31805,115261,10215,129203,8276,7323,158912,16819,680384,38465,21450,214192
01/11/2008,2149851,296291,42648,26474,119334,158925,32746,117492,9768,122342,8082,7337,154350,15731,666544,38259,20426,213791
01/12/2008,2227028,309129,47033,26857,123949,175838,30629,117875,9361,122657,7516,7682,164858,17629,685464,39023,20360,226193
01/01/2009,2251938,295518,49758,27163,134235,196895,31267,118703,9424,123015,7481,7876,164993,24283,688552,39458,21061,219076
01/02/2009,2074167,280183,45544,24379,121877,185793,28499,109909,8711,113770,6809,7038,152117,23283,616709,36094,19451,202162
01/03/2009,2262488,297412,52045,26796,133241,208497,30800,122170,9457,124573,7582,7581,163122,23505,682231,40307,22066,221172
01/04/2009,2147856,271249,53214,25488,127142,196512,29522,121029,9046,119366,7512,7272,156212,21899,648991,38348,21730,210834
01/05/2009,2190437,249253,56291,26953,131557,204774,30807,127683,9199,122767,7662,7324,165061,22143,660419,38887,22662,215655
01/06/2009,2140519,258168,56324,25717,124461,212642,29285,124019,8761,115705,7472,7030,159940,22393,631752,36531,22059,210893
01/07/2009,2170032,251719,57001,26195,128575,225441,29507,130835,8857,119758,7989,7138,164072,21940,643938,37947,22735,199831
01/08/2009,2192597,262761,63456,25123,127229,212595,30547,135833,8723,121749,8144,7140,162459,22649,641865,37879,22959,209135
01/09/2009,2089220,268296,47134,24557,120960,201837,29170,133433,8356,114531,7789,7041,152265,22468,609103,35349,22536,193832
01/10/2009,2197157,290795,62862,24816,123544,208583,29535,143081,8521,121329,7911,7665,156712,23230,619859,37047,23046,217322
01/11/2009,2144157,287319,66510,24356,120737,191303,28530,144016,8054,115961,8016,7679,152003,21727,596585,36077,22253,217666
01/12/2009,2196325,299712,70474,24719,118095,199232,27924,147928,8142,112698,8122,8040,152600,24348,613644,35586,21878,218757
01/01/2010,2210163,291072,70156,28350,131228,203379,28002,152826,8219,112544,7814,6926,152372,22711,624461,35525,21761,219280
01/02/2010,2047815,275764,64254,25444,121796,188967,25838,145398,7382,102194,7615,6191,139331,20513,573500,32728,19902,198572
01/03/2010,2276546,308943,72554,27936,133135,210438,28241,166938,8275,112529,8641,6667,155158,22711,646044,36825,21939,220397
01/04/2010,2190270,273205,73514,26497,126586,195203,27206,167559,7949,110630,8474,6396,151714,38523,616784,36700,21408,212610
01/05/2010,2236507,248272,76587,28095,133483,193933,25184,177864,8016,114795,9357,6441,156961,39808,647486,38268,22221,215448
01/06/2010,2138770,229973,75514,26837,130122,179643,27060,182004,7740,107060,9163,6184,152018,38523,617943,36489,21823,199289
01/07/2010,2208753,205881,80044,27384,135138,180332,27157,194705,7925,115411,10035,6279,156006,55148,641064,37133,22609,210313
01/08/2010,2235038,204385,82458,26275,140198,191112,28019,198850,7788,115470,10246,6280,154497,55148,644854,37199,22617,214179
01/09/2010,2238147,264277,80571,25699,138014,178304,26713,198646,7530,111410,10290,6193,150106,53369,629495,35997,22145,203575
01/10/2010,2356947,292695,83883,25997,140351,184571,27878,202789,7710,112753,10791,6741,155341,76303,650192,37426,23288,209124
01/11/2010,2276710,286007,81485,25459,124833,171709,26836,206009,7424,110813,10798,6754,148782,73842,639682,35367,22618,204627
01/12/2010,2400418,316628,86459,25920,134782,181553,27456,224695,7307,115865,10643,7070,155041,76303,662192,37228,22843,207243
01/01/2011,2299298,237565,81447,24738,134247,180251,27048,225461,7089,104641,10533,6993,154940,84273,654508,36033,27393,202755
01/02/2011,2104330,273308,74595,22850,124399,153482,23454,209428,6255,91915,9580,6248,134729,76117,566060,33745,26177,180179
01/03/2011,2410884,303814,84231,24492,133924,169831,26834,247332,6855,112997,11152,6730,156113,84273,671291,38358,30256,201634
01/04/2011,2349720,285567,85346,23872,130340,162198,26185,243437,6631,107374,10775,6456,153290,95355,649803,38076,30468,196715
01/05/2011,2410866,269313,88913,24056,140289,164039,26731,256630,6804,111358,11298,6502,157702,98533,681055,39978,31924,199135
01/06/2011,2312943,248460,92641,23282,132825,150882,25764,244891,6503,106751,11912,6240,155906,95355,650315,38606,32349,195465
01/07/2011,2340293,187004,87954,23462,139119,148861,26192,258677,6747,111354,13454,6337,160759,114248,674134,40104,35183,204154
01/08/2011,2370440,210589,95730,23174,144717,151602,26350,267757,6722,111549,14457,6339,162650,114248,675452,40239,34666,186588
01/09/2011,2358169,261782,93540,22032,137326,124788,25506,263916,6741,107705,14745,6250,160192,110562,662813,38589,36341,193202
01/10/2011,2502387,273553,97384,22144,146801,143082,25981,275177,6543,109980,15973,6806,165386,147462,688418,39893,36585,206903
01/11/2011,2475947,302617,94600,22327,140137,138426,24980,271659,6231,105181,16030,6818,160659,142705,671278,38777,35143,204650
01/12/2011,2543747,309351,100375,22703,145182,143471,24927,276158,6385,106877,17115,7139,166546,147462,689562,39108,37641,203921
01/01/2012,2571350,318136,95833,21234,157369,141312,25015,266018,6258,110077,17725,7156,166091,170613,681421,39935,41446,204812
01/02/2012,2360061,289432,85648,20222,134322,130558,23351,236070,5872,103046,17013,6694,154129,159605,634810,38809,39295,185900
01/03/2012,2524260,308116,95824,19306,146938,142800,25146,251175,6129,108910,19214,7156,164445,170613,678951,41576,40921,199131
01/04/2012,2417498,273796,93751,19900,140560,133745,24273,239808,5838,104389,19226,6925,162917,165109,664799,40163,40445,188455
01/05/2012,2490707,281220,95914,21417,146598,130695,25236,250093,5706,107907,21030,7156,171409,170613,686978,41799,44374,191890
01/06/2012,2376776,251530,92918,20141,137870,118012,24570,249264,4996,102219,21016,6925,164217,165109,663706,40899,42914,184069
01/07/2012,2465064,205735,95758,20776,143115,128147,25172,259293,5336,108560,22304,7156,171740,211446,693764,42466,43972,186352
01/08/2012,2373954,124711,98362,21307,141487,110373,25046,254498,5451,108130,23614,7156,174192,211446,700065,41947,47203,184769
01/09/2012,2410375,229966,96053,19982,138354,111143,24212,242246,5364,103783,23913,6925,169110,204625,677522,41247,46122,177719
01/10/2012,2557140,289581,99575,21852,144601,127214,25160,246800,5387,110757,24752,7156,175885,211446,698080,42618,51276,178047
01/11/2012,2471365,288120,97043,19642,137882,125639,24366,229323,5271,104643,23445,6925,173271,204625,673854,39526,50463,174828
01/12/2012,2523763,304448,99491,21044,140280,128238,24753,230850,5346,103875,25315,7156,176055,211446,689560,39408,51430,169651
01/01/2013,2512031,305219,97739,20941,139303,124362,24485,229619,5276,97173,24554,8455,168513,254726,685282,38074,50931,177152
01/02/2013,2269907,269062,86529,19402,126395,109780,21961,205065,4770,94179,23370,7636,145408,230075,627497,36251,45953,162432
01/03/2013,2504000,293657,95219,21566,138727,118101,24403,219495,5316,105766,26236,8455,161589,254726,699110,40214,53069,180308
01/04/2013,2446307,282015,92948,21079,134949,115853,23855,206884,5168,105367,25836,10383,168221,246509,681475,39590,53998,175392
01/05/2013,2488677,261025,96878,21451,137568,114477,24750,211107,5384,106957,27899,10729,171323,254726,710595,40346,61005,173487
01/06/2013,2385386,234298,93664,20914,129725,104271,23854,199884,5465,104508,28004,10383,162331,246509,690189,38847,63756,172383
01/07/2013,2512441,241910,96471,21727,136315,110013,24912,201351,5536,108535,30134,16929,169096,298505,713513,40281,66696,172513
01/08/2013,2495089,231276,97267,21793,136172,104060,26791,192448,5446,109350,31247,16929,169475,298505,714752,40917,69028,171412
01/09/2013,2414405,247528,93665,21009,124027,108728,24429,177087,5228,103623,31972,16383,164524,288876,690301,39732,66489,155031
01/10/2013,2513172,261350,98343,21095,138280,102124,25298,175836,5527,109097,33242,20128,170165,298505,713550,40521,67929,174006
01/11/2013,2455169,280048,95147,20459,134090,108102,23842,170909,5159,101117,32558,19479,161583,288876,680447,38561,70659,168000
01/12/2013,2525967,307970,95784,20874,129308,106827,23888,177258,4969,101722,30737,20128,181525,298505,692762,37531,72342,165639
01/01/2014,2580019,306344,94869,21579,135607,102309,23815,174225,5075,104379,31460,28245,169541,348235,696202,38856,73914,171228
01/02/2014,2356978,270272,86784,19426,122421,95596,20985,157443,4542,95316,29785,25512,172102,314535,630948,35555,71648,154960
01/03/2014,2623914,298987,96520,20663,138073,105440,23774,173509,5045,107588,33785,28245,181183,348235,714833,39594,82080,172228
01/04/2014,2583873,277210,93375,20004,135652,106362,23366,165060,4922,104517,34177,34153,210833,337002,706789,38591,79244,162724
01/05/2014,2633253,262449,96739,20559,140897,111475,24361,172182,5100,105505,37055,35291,189050,348235,737479,39495,84312,168442
01/06/2014,2560033,252462,92022,19139,134887,107406,23521,166782,4972,104200,37621,34153,189852,337002,718128,38276,83597,164161
01/07/2014,2629156,195169,95474,19704,137404,109951,24540,165132,5051,108509,40126,49449,205705,374771,744321,39069,92609,168593
01/08/2014,2644937,190335,94382,19778,142911,110811,24747,161519,5010,109888,41826,49449,216406,374771,750316,38583,95588,164792
01/09/2014,2625503,259855,92090,18945,135489,106522,24182,160478,4772,104213,42687,47854,195150,362682,719501,36758,96856,165309
01/10/2014,2735719,271472,94412,19834,142845,110725,25030,162334,4917,107653,44551,60659,202957,374771,749286,37217,101552,171773
01/11/2014,2661917,282350,92488,19365,136375,101778,23923,158040,4641,105856,43146,58702,196620,362682,726287,35868,98013,164726
01/12/2014,2770080,301640,93578,19993,140925,107362,24236,151915,5112,108754,46996,60659,201686,374771,765097,36681,107701,169569
01/01/2015,2790052,291928,90125,21912,140869,107681,27172,153547,5016,103336,45741,67682,206817,408019,741599,37062,110271,178061
01/02/2015,2520509,254488,78244,20022,129576,95373,24407,141691,4577,97979,41448,61132,186741,370836,681889,33962,99105,151128
01/03/2015,2827524,299987,88895,21299,143078,96915,26629,157397,5016,110018,47329,67682,216067,413155,758560,39205,113858,170497
01/04/2015,2758730,284701,87268,20597,138665,108387,23219,153429,4865,107823,46025,77407,209983,392752,737351,37609,111323,167277
01/05/2015,2790849,261374,89391,21197,141803,112773,23808,157008,5022,112030,50375,79988,214639,391332,754727,38022,118474,167304
01/06/2015,2660158,223007,84124,19568,138658,106744,22962,145892,4819,107761,49649,77407,211079,376856,728514,36200,111890,164163
01/07/2015,2756222,221334,85281,19225,141637,118085,23434,152212,5037,109801,51399,87799,217883,401777,754259,36152,111602,167442
01/08/2015,2744748,204070,83696,19466,145033,120511,23490,151668,4883,113047,50978,87799,213529,409771,749458,32688,114734,168011
01/09/2015,2721449,261160,81253,18394,138475,117390,22510,150117,4711,110716,48122,84966,204298,398110,725565,30658,111675,163194
01/10/2015,2806078,279437,82974,18535,146290,112082,23066,151997,4914,113223,51373,106279,209342,407234,739568,31148,108349,168674
01/11/2015,2726220,289760,78977,18003,141028,102391,21731,146069,4677,108782,50340,102851,201517,409344,709572,30470,97462,163878
01/12/2015,2812110,304055,80153,18431,143621,109310,21757,152205,4703,102277,51854,106279,207703,433795,718403,33843,106504,166291
01/01/2016,2823104,298815,77592,18222,144485,106127,21498,154113,4611,99998,50905,116293,214000,442434,709938,33692,116943,163388
01/02/2016,2653842,273298,71658,16831,133847,98287,20005,146013,4307,98407,49040,108791,201258,426244,666642,30756,109571,151068
01/03/2016,2824983,295235,74247,17699,142980,108380,21399,153587,4587,109588,53093,116293,214561,444309,708832,32961,113695,164016
01/04/2016,2678610,246130,70504,16358,139228,98939,20338,154360,4416,106101,48915,114315,203524,426424,681793,31448,112470,155715
01/05/2016,2767844,269206,71555,18102,143542,107850,20897,151643,4508,108921,51010,118125,211836,439310,701679,31673,116018,153550
01/06/2016,2628164,233815,67073,16791,135945,95158,20067,140782,4268,105475,49945,114315,202081,431137,678190,29730,104660,152538
01/07/2016,2721210,239442,68009,17456,139649,101199,20594,157148,4375,109500,52657,125833,210617,440575,693378,30376,119034,143881
01/08/2016,2722631,250381,66959,17328,142233,103424,20344,145060,4129,111476,50847,125833,211218,439910,688855,30330,121035,145537
01/09/2016,2626213,249275,63989,16728,136568,95284,20854,145726,4166,108062,48416,121774,202202,414330,656230,28875,115466,151851
01/10/2016,2720187,271920,65709,16891,145443,102131,19989,151308,4341,110173,53354,126599,206225,417455,675365,29216,117061,160094
01/11/2016,2678247,294151,62826,16194,140988,99339,18898,143001,4264,107020,52901,122515,195366,431708,645281,27880,116843,152711
01/12/2016,2746543,308524,63075,16424,143468,104539,19911,150664,4175,107945,47767,126599,195424,456371,650116,28332,121664,154274
01/01/2017,2723628,301493,61589,16691,143061,102820,19042,160387,4145,105545,48478,131843,193927,460047,651172,27704,107493,141236
01/02/2017,2493267,275044,55892,18768,129476,90122,17303,144038,3788,97525,48103,119084,179163,414569,603066,25048,100013,130019
01/03/2017,2797117,308111,61289,17688,142472,103082,19101,179247,4186,110403,53894,131843,207995,459451,664360,27543,115090,144709
01/04/2017,2689967,286963,59338,17278,136674,92264,18079,154614,4080,107227,55192,132090,203362,446734,650271,26630,113282,141143
01/05/2017,2778965,286678,60578,17796,139554,96552,18493,162393,4279,113966,57609,136493,207889,457522,680017,27552,124025,141295
01/06/2017,2688422,248829,57974,17229,136867,88369,18318,167062,4137,108031,55675,139251,203690,442640,664291,26319,124711,141289
01/07/2017,2753997,205707,58436,19987,142713,95249,18892,166761,4263,112676,58918,159030,213003,456133,695440,26482,132398,144476
01/08/2017,2769670,221579,58001,17558,146171,90215,18630,183437,4288,111221,60597,159030,218247,449310,678062,26413,137060,145435
01/09/2017,2763285,255362,55441,17145,143333,85937,18000,186837,4060,111273,58407,160759,211644,442607,668604,25405,133066,142018
01/10/2017,2911373,283192,56821,18316,150395,78298,18376,207515,4158,117303,64060,173259,226421,446747,710628,25949,139034,146958
01/11/2017,2897003,282589,54320,16767,145706,79292,17669,209564,3983,111243,62978,167670,220016,472918,698278,24923,141574,145044
01/12/2017,3025419,295221,54996,17235,154220,76016,17736,226850,4070,116607,64688,181007,228540,504961,715786,25243,146533,152111
01/01/2018,2993178,296757,51300,17104,152669,76246,17473,211528,3993,117064,64383,186558,232715,506627,700310,25551,139078,150657
01/02/2018,2751215,268600,46194,15646,136832,72839,15950,200391,3544,109041,59004,168504,212572,464245,652370,23229,128051,134640
01/03/2018,3069284,295800,50569,17207,152030,81870,17588,230399,3895,121551,65768,186558,232965,512261,737554,26172,142753,150489
01/04/2018,2976108,282714,50857,16605,149055,73817,17101,222905,3857,123352,67296,186180,231626,479217,721088,25026,138895,145180
01/05/2018,3098558,282740,51030,17238,155675,76450,17541,239409,3942,126964,71777,192386,237362,504572,760534,25404,145816,147038
01/06/2018,2972738,229033,48815,16709,145783,77240,16097,237437,3792,126445,69003,186180,232429,496644,744832,24610,138591,137975
01/07/2018,3138242,234036,49419,17230,152682,89808,17258,246166,4019,133189,74479,209901,243201,531811,778000,25149,147210,142181
01/08/2018,3206177,242875,49558,17178,158237,95580,16937,249177,4093,135785,75712,209901,247283,541144,801162,25045,151702,142891
01/09/2018,3153978,255611,47639,16697,156291,86441,16527,241210,3951,131824,75796,203130,242771,537370,780673,24219,151037,142420
01/10/2018,3314676,271051,49135,17181,164013,84347,16870,259915,3978,138322,79628,227137,256925,562502,809439,24375,162154,145903
01/11/2018,3259912,290815,47258,16696,161357,88120,16068,248007,3964,134338,75723,219810,248111,554480,791390,23416,160248,139623
01/12/2018,3391473,304681,48212,17125,168798,89946,15981,253375,4045,143110,82248,227137,257826,573960,831822,23631,166164,141900
01/01/2019,3376735,310266,47443,16800,165971,91606,16055,259898,4160,142745,83691,213280,255006,576440,830422,23200,169050,130338
01/02/2019,3056916,267519,42219,15513,148931,78046,14237,242578,3420,132044,73128,192640,229666,519802,762803,21043,154910,122593
01/03/2019,3383042,285430,46211,16922,164298,93532,15820,267251,3895,149301,86896,213280,250919,578820,845431,23388,171516,130346
01/04/2019,3315270,289532,44455,16548,161299,88575,15613,260316,4100,145991,84797,207990,250314,560062,827650,22794,167816,128707
01/05/2019,3424018,285820,44906,16754,166492,89453,14898,270646,4299,151335,87299,214923,266014,571803,871419,23634,171305,133657
01/06/2019,3299794,253806,42702,16254,162486,83554,15559,265862,4144,146603,86615,207990,243339,556708,848437,22912,174784,129676
01/07/2019,3395984,234661,43852,16890,166223,68554,15695,278004,4154,152945,91369,235476,254709,583186,889103,23093,180524,118762
01/08/2019,3448106,224286,43505,16969,166956,92674,15637,276932,4113,158116,93505,235476,257498,585405,908018,23374,181927,124777
01/09/2019,3396571,242655,41798,16262,162297,85622,15039,267171,4065,156025,88519,227880,256073,568646,890996,22153,181334,132353
01/10/2019,3551970,269362,43093,16228,174595,88263,15151,276059,4093,161587,95528,236778,261454,589800,921751,22606,201814,135881
01/11/2019,3509293,287298,41738,15659,172544,85170,14439,271185,4040,158036,94336,229140,251153,597779,902758,21942,196055,128747
01/12/2019,3622512,299717,42834,16024,179104,88988,14945,283047,4134,163499,95408,236778,259905,608342,933717,22614,204178,131667
01/01/2020,3596775,309582,42187,15908,178541,87796,14623,275327,4003,166128,93661,203701,263734,603836,938076,21991,209896,129695
01/02/2020,3363434,291399,39093,14649,167014,82571,13636,256681,3717,159661,90249,190559,243139,569721,873327,20424,198090,114080
01/03/2020,3582414,294542,43677,15376,175568,89286,14486,277105,3996,173666,97224,203701,257387,607689,935703,21810,210559,123255
01/04/2020,3374224,278304,39748,14906,168745,81588,13595,265367,3514,159337,81884,193050,235642,586955,873398,20408,204826,118007
01/05/2020,3285105,281729,40463,15172,164049,65180,14012,282137,3032,149792,59946,199485,217154,592126,820711,20365,212646,113117
01/06/2020,3217496,264822,38742,14837,159896,63247,13321,264527,3020,156048,59424,193050,222324,560390,828516,19287,212831,110228
01/07/2020,3373594,270116,39855,15061,167408,69629,13674,265396,3575,168725,71533,201686,226843,604716,865413,20374,220032,114460
01/08/2020,3349817,257263,40295,13344,165432,45381,13504,260634,3502,171190,81889,201686,226344,607221,872259,19895,223208,112459
01/09/2020,3265272,269832,38734,12857,162864,50270,13030,256067,3338,167860,84428,195180,222010,567029,842955,19352,218893,109617
01/10/2020,3363756,293957,40172,13059,164848,40147,13461,263488,3452,174885,89525,201097,219403,595653,862326,20091,226064,109820
01/11/2020,3352374,292359,38565,12934,159635,61572,12917,267732,3340,170552,86551,194610,224327,605244,838590,19234,223428,109488
01/12/2020,3489506,325410,39452,12475,160399,68343,13097,277620,3333,170133,89499,201097,228057,647714,858647,19352,231845,110103
01/01/2021,3516947,317252,39285,11584,160989,72897,12900,277251,3597,176588,88402,193911,221544,652640,877286,19422,234432,121003
01/02/2021,2949990,279742,30183,10978,143362,65242,10142,223574,3098,147908,75813,175146,163094,585371,667116,18158,208571,110468
01/03/2021,3517612,311788,42466,12275,157468,75181,13251,283002,3571,184389,88926,193911,220130,645407,884280,20441,227218,118525
01/04/2021,3438382,292311,37756,11934,156207,70698,12842,274006,3449,181995,88596,185964,214334,615899,893855,19823,229075,114548
01/05/2021,3534774,295402,38563,12445,162525,73023,13063,284007,3568,191121,92713,192163,223372,635584,908621,20359,234118,117563
01/06/2021,3400497,271760,36918,12026,154714,68393,12716,276554,3311,187450,89817,185964,213314,616270,884404,19559,227987,109720
01/07/2021,3514366,249998,38045,12260,160386,72847,13215,300367,3550,199108,89390,189515,221002,638200,929483,20655,229376,115773
01/08/2021,3545197,269461,37753,12174,158698,62248,13224,293202,3632,202829,91909,189515,222329,646169,933225,20387,241373,113624
01/09/2021,3423163,278352,36508,11737,153374,35339,12769,290967,3537,197339,90644,183401,216455,622275,909976,19965,216452,112738
01/10/2021,3599640,287828,37626,11779,160451,60776,13213,308178,3669,204511,92925,199379,223093,645126,936745,20505,240446,115007
01/11/2021,3545208,305759,36079,11387,155778,66553,12722,310818,3484,199016,92484,192947,214361,646233,903138,20061,229812,111851
01/12/2021,3680343,326402,37006,11530,157156,68785,12928,314290,3362,204781,93739,199379,218805,677331,941212,20609,241569,113911
01/01/2022,3591006,323315,37302,11308,151949,66419,12255,312221,3342,200239,87941,196005,213419,660345,921810,20836,234795,105583
01/02/2022,3226679,295371,33465,9438,138490,56708,10930,284573,3028,186567,80116,172829,192596,581432,828060,19009,209707,94940
01/03/2022,3613635,317649,37518,11512,155382,64485,12194,313666,3474,222878,92775,187872,219732,635076,942064,21363,239344,104501
01/04/2022,3520463,299777,36247,11334,151452,66781,12037,313666,3288,219748,73717,179444,223078,616181,925640,21301,235580,100890
01/05/2022,3667147,299293,37042,11615,156119,63245,12469,340838,3407,227777,86718,189214,237032,640189,958815,22892,247179,101671
01/06/2022,3556574,269010,35573,11178,150178,64565,12037,335758,3744,218374,92585,190021,230337,616632,932184,22329,240568,99638
01/07/2022,3689978,283777,36446,11778,153202,67373,12457,346129,3745,231091,96415,193519,239295,641726,959305,23118,251625,105972
01/08/2022,3699284,273965,36659,12101,154942,69288,12526,355950,3929,234745,95477,196604,238265,632014,969549,23553,255603,101172
01/09/2022,3637950,282388,34405,11221,151549,67568,11565,346963,3861,237653,95582,189795,236726,613657,953967,22159,245734,101041
01/10/2022,3769193,297901,35354,11482,155490,68346,12749,363997,3827,252211,97540,195926,241688,629461,988897,22214,251647,107861
01/11/2022,3683184,312304,33777,11024,151695,64860,12036,355227,3613,241451,91024,195571,235873,605505,956290,21374,255298,104806
01/12/2022,3723188,332133,33188,11297,150589,64794,11644,356060,3559,253786,81869,186257,236647,611036,981517,22762,253515,101180
01/01/2023,3808396,326517,34782,11181,151985,70000,11881,362807,3810,254693,88264,198149,241373,629580,992569,22442,275925,100180
