Date,U.S. Natural Gas Wellhead Price (Dollars per Thousand Cubic Feet),Price of U.S. Natural Gas Imports (Dollars per Thousand Cubic Feet),U.S. Natural Gas Pipeline Imports Price (Dollars per Thousand Cubic Feet),Price of U.S. Natural Gas LNG Imports (Dollars per Thousand Cubic Feet),Price of U.S. Natural Gas Exports (Dollars per Thousand Cubic Feet),Price of U.S. Natural Gas Pipeline Exports (Dollars per Thousand Cubic Feet),Price of Liquefied U.S. Natural Gas Exports (Dollars per Thousand Cubic Feet),U.S. Natural Gas Citygate Price (Dollars per Thousand Cubic Feet),U.S. Price of Natural Gas Delivered to Residential Consumers (Dollars per Thousand Cubic Feet),U.S. Natural Gas % of Total Residential - Sales (%),U.S. Price of Natural Gas Sold to Commercial Consumers (Dollars per Thousand Cubic Feet),Percent of Commercial Natural Gas Deliveries in U.S. Total Represented by the Price (%),United States Natural Gas Industrial Price (Dollars per Thousand Cubic Feet),Percent of Industrial Natural Gas Deliveries in U.S. Total Represented by the Price (%),U.S. Natural Gas Electric Power Price (Dollars per Thousand Cubic Feet)
01/01/1973,,,,,,,,,,,,,,,
01/02/1973,,,,,,,,,,,,,,,
01/03/1973,,,,,,,,,,,,,,,
01/04/1973,,,,,,,,,,,,,,,
01/05/1973,,,,,,,,,,,,,,,
01/06/1973,,,,,,,,,,,,,,,
01/07/1973,,,,,,,,,,,,,,,
01/08/1973,,,,,,,,,,,,,,,
01/09/1973,,,,,,,,,,,,,,,
01/10/1973,,,,,,,,,,,,,,,
01/11/1973,,,,,,,,,,,,,,,
01/12/1973,,,,,,,,,,,,,,,
01/01/1974,,,,,,,,,,,,,,,
01/02/1974,,,,,,,,,,,,,,,
01/03/1974,,,,,,,,,,,,,,,
01/04/1974,,,,,,,,,,,,,,,
01/05/1974,,,,,,,,,,,,,,,
01/06/1974,,,,,,,,,,,,,,,
01/07/1974,,,,,,,,,,,,,,,
01/08/1974,,,,,,,,,,,,,,,
01/09/1974,,,,,,,,,,,,,,,
01/10/1974,,,,,,,,,,,,,,,
01/11/1974,,,,,,,,,,,,,,,
01/12/1974,,,,,,,,,,,,,,,
01/01/1975,,,,,,,,,,,,,,,
01/02/1975,,,,,,,,,,,,,,,
01/03/1975,,,,,,,,,,,,,,,
01/04/1975,,,,,,,,,,,,,,,
01/05/1975,,,,,,,,,,,,,,,
01/06/1975,,,,,,,,,,,,,,,
01/07/1975,,,,,,,,,,,,,,,
01/08/1975,,,,,,,,,,,,,,,
01/09/1975,,,,,,,,,,,,,,,
01/10/1975,,,,,,,,,,,,,,,
01/11/1975,,,,,,,,,,,,,,,
01/12/1975,,,,,,,,,,,,,,,
01/01/1976,0.54,,,,,,,,,,,,,,
01/02/1976,0.54,,,,,,,,,,,,,,
01/03/1976,0.54,,,,,,,,,,,,,,
01/04/1976,0.55,,,,,,,,,,,,,,
01/05/1976,0.55,,,,,,,,,,,,,,
01/06/1976,0.58,,,,,,,,,,,,,,
01/07/1976,0.58,,,,,,,,,,,,,,
01/08/1976,0.6,,,,,,,,,,,,,,
01/09/1976,0.6,,,,,,,,,,,,,,
01/10/1976,0.62,,,,,,,,,,,,,,
01/11/1976,0.63,,,,,,,,,,,,,,
01/12/1976,0.64,,,,,,,,,,,,,,
01/01/1977,0.67,,,,,,,,,,,,,,
01/02/1977,0.71,,,,,,,,,,,,,,
01/03/1977,0.75,,,,,,,,,,,,,,
01/04/1977,0.77,,,,,,,,,,,,,,
01/05/1977,0.77,,,,,,,,,,,,,,
01/06/1977,0.82,,,,,,,,,,,,,,
01/07/1977,0.83,,,,,,,,,,,,,,
01/08/1977,0.82,,,,,,,,,,,,,,
01/09/1977,0.83,,,,,,,,,,,,,,
01/10/1977,0.84,,,,,,,,,,,,,,
01/11/1977,0.83,,,,,,,,,,,,,,
01/12/1977,0.84,,,,,,,,,,,,,,
01/01/1978,0.87,,,,,,,,,,,,,,
01/02/1978,0.88,,,,,,,,,,,,,,
01/03/1978,0.89,,,,,,,,,,,,,,
01/04/1978,0.88,,,,,,,,,,,,,,
01/05/1978,0.91,,,,,,,,,,,,,,
01/06/1978,0.91,,,,,,,,,,,,,,
01/07/1978,0.89,,,,,,,,,,,,,,
01/08/1978,0.91,,,,,,,,,,,,,,
01/09/1978,0.92,,,,,,,,,,,,,,
01/10/1978,0.92,,,,,,,,,,,,,,
01/11/1978,0.93,,,,,,,,,,,,,,
01/12/1978,0.96,,,,,,,,,,,,,,
01/01/1979,1.02,,,,,,,,,,,,,,
01/02/1979,1.05,,,,,,,,,,,,,,
01/03/1979,1.1,,,,,,,,,,,,,,
01/04/1979,1.11,,,,,,,,,,,,,,
01/05/1979,1.15,,,,,,,,,,,,,,
01/06/1979,1.17,,,,,,,,,,,,,,
01/07/1979,1.2,,,,,,,,,,,,,,
01/08/1979,1.24,,,,,,,,,,,,,,
01/09/1979,1.24,,,,,,,,,,,,,,
01/10/1979,1.28,,,,,,,,,,,,,,
01/11/1979,1.29,,,,,,,,,,,,,,
01/12/1979,1.31,,,,,,,,,,,,,,
01/01/1980,1.37,,,,,,,,,,,,,,
01/02/1980,1.42,,,,,,,,,,,,,,
01/03/1980,1.46,,,,,,,,,,,,,,
01/04/1980,1.51,,,,,,,,,,,,,,
01/05/1980,1.56,,,,,,,,,,,,,,
01/06/1980,1.57,,,,,,,,,,,,,,
01/07/1980,1.64,,,,,,,,,,,,,,
01/08/1980,1.64,,,,,,,,,,,,,,
01/09/1980,1.69,,,,,,,,,,,,,,
01/10/1980,1.71,,,,,,,,,,,,,,
01/11/1980,1.76,,,,,,,,,,,,,,
01/12/1980,1.74,,,,,,,,,,,,,,
01/01/1981,1.77,,,,,,,,3.94,,,,,,
01/02/1981,1.81,,,,,,,,3.99,,,,,,
01/03/1981,1.86,,,,,,,,4.06,,,,,,
01/04/1981,1.93,,,,,,,,4.11,,,,,,
01/05/1981,1.95,,,,,,,,4.29,,,,,,
01/06/1981,1.95,,,,,,,,4.3,,,,,,
01/07/1981,2.01,,,,,,,,4.32,,,,,,
01/08/1981,2.02,,,,,,,,4.3,,,,,,
01/09/1981,2.08,,,,,,,,4.47,,,,,,
01/10/1981,2.11,,,,,,,,4.5,,,,,,
01/11/1981,2.15,,,,,,,,4.53,,,,,,
01/12/1981,2.16,,,,,,,,4.55,,,,,,
01/01/1982,2.23,,,,,,,,4.65,,,,,,
01/02/1982,2.3,,,,,,,,4.69,,,,,,
01/03/1982,2.35,,,,,,,,4.78,,,,,,
01/04/1982,2.4,,,,,,,,4.86,,,,,,
01/05/1982,2.45,,,,,,,,5.17,,,,,,
01/06/1982,2.45,,,,,,,,5.2,,,,,,
01/07/1982,2.47,,,,,,,,5.23,,,,,,
01/08/1982,2.53,,,,,,,,5.23,,,,,,
01/09/1982,2.56,,,,,,,,5.41,,,,,,
01/10/1982,2.6,,,,,,,,5.66,,,,,,
01/11/1982,2.62,,,,,,,,5.68,,,,,,
01/12/1982,2.62,,,,,,,,5.74,,,,,,
01/01/1983,2.66,,,,,,,,5.86,,,,,,
01/02/1983,2.66,,,,,,,,5.87,,,,,,
01/03/1983,2.58,,,,,,,,6,,,,,,
01/04/1983,2.53,,,,,,,,6.06,,,,,,
01/05/1983,2.53,,,,,,,,6.22,,,,,,
01/06/1983,2.59,,,,,,,,6.2,,,,,,
01/07/1983,2.52,,,,,,,,6.21,,,,,,
01/08/1983,2.58,,,,,,,,6.18,,,,,,
01/09/1983,2.67,,,,,,,,6.19,,,,,,
01/10/1983,2.58,,,,,,,3.97,6.7,,5.62,,,,
01/11/1983,2.6,,,,,,,3.91,6.3,,5.67,,,,
01/12/1983,2.61,,,,,,,3.88,5.94,,5.62,,,,
01/01/1984,2.67,,,,,,,3.94,5.78,,5.49,,,,
01/02/1984,2.71,,,,,,,4.02,5.84,,5.54,,,,
01/03/1984,2.67,,,,,,,3.91,5.92,,5.57,,,,
01/04/1984,2.64,,,,,,,3.96,5.96,,5.52,,,,
01/05/1984,2.67,,,,,,,3.98,6.27,,5.6,,,,
01/06/1984,2.7,,,,,,,4.02,6.76,,5.67,,,,
01/07/1984,2.68,,,,,,,4.06,7.11,,5.6,,,,
01/08/1984,2.69,,,,,,,3.69,7.23,,5.47,,,,
01/09/1984,2.62,,,,,,,4.02,7.17,,5.53,,,,
01/10/1984,2.63,,,,,,,3.99,6.8,,5.54,,,,
01/11/1984,2.61,,,,,,,3.92,6.31,,5.56,,,,
01/12/1984,2.57,,,,,,,3.97,6.05,,5.6,,,,
01/01/1985,2.64,,,,,,,3.89,5.97,,5.62,,,,
01/02/1985,2.71,,,,,,,3.94,5.86,,5.53,,,,
01/03/1985,2.62,,,,,,,3.97,5.99,,5.59,,,,
01/04/1985,2.64,,,,,,,3.91,6.11,,5.65,,,,
01/05/1985,2.53,,,,,,,3.89,6.59,,5.59,,,,
01/06/1985,2.58,,,,,,,3.86,6.96,,5.65,,,,
01/07/1985,2.51,,,,,,,3.69,7.07,,5.44,,,,
01/08/1985,2.47,,,,,,,3.7,7.21,,5.42,,,,
01/09/1985,2.42,,,,,,,3.68,7.06,,5.37,,,,
01/10/1985,2.37,,,,,,,3.59,6.5,,5.3,,,,
01/11/1985,2.36,,,,,,,3.46,6.13,,5.39,,,,
01/12/1985,2.28,,,,,,,3.45,5.7,,5.25,,,,
01/01/1986,2.28,,,,,,,3.52,5.63,,5.25,,,,
01/02/1986,2.26,,,,,,,3.52,5.67,,5.28,,,,
01/03/1986,2.16,,,,,,,3.5,5.71,,5.25,,,,
01/04/1986,2.1,,,,,,,3.33,5.89,,5.23,,,,
01/05/1986,1.96,,,,,,,3.15,6.18,,5.19,,,,
01/06/1986,1.85,,,,,,,3.11,6.67,,5.09,,,,
01/07/1986,1.8,,,,,,,3.08,6.84,,5.02,,,,
01/08/1986,1.77,,,,,,,3.04,6.94,,4.9,,,,
01/09/1986,1.78,,,,,,,3.02,6.83,,4.93,,,,
01/10/1986,1.73,,,,,,,2.94,6.38,,4.88,,,,
01/11/1986,1.77,,,,,,,2.9,5.66,,4.74,,,,
01/12/1986,1.76,,,,,,,2.99,5.28,,4.73,,,,
01/01/1987,1.74,,,,,,,2.98,5.3,,4.8,,,,
01/02/1987,1.73,,,,,,,3.03,5.34,,4.79,,,,
01/03/1987,1.73,,,,,,,2.91,5.36,,4.8,,,,
01/04/1987,1.69,,,,,,,2.86,5.46,,4.9,,,,
01/05/1987,1.65,,,,,,,2.81,5.98,,4.88,,,,
01/06/1987,1.65,,,,,,,2.84,6.55,,4.87,,,,
01/07/1987,1.66,,,,,,,2.92,6.78,,4.78,,,,
01/08/1987,1.63,,,,,,,2.89,6.84,,4.77,,,,
01/09/1987,1.56,,,,,,,2.83,6.64,,4.6,,,,
01/10/1987,1.57,,,,,,,2.69,5.85,,4.62,,,,
01/11/1987,1.64,,,,,,,2.76,5.42,,4.66,,,,
01/12/1987,1.7,,,,,,,2.84,5.13,,4.67,,,,
01/01/1988,1.96,,,,,,,2.91,5.08,,4.6,93.8,,,
01/02/1988,1.84,,,,,,,2.95,5.09,,4.69,93.3,,,
01/03/1988,1.7,,,,,,,2.87,5.18,,4.69,92.5,,,
01/04/1988,1.59,,,,,,,2.79,5.35,,4.71,91.7,,,
01/05/1988,1.52,,,,,,,2.75,5.87,,4.61,89.4,,,
01/06/1988,1.53,,,,,,,2.87,6.5,,4.53,87.5,,,
01/07/1988,1.56,,,,,,,2.87,6.74,,4.48,86.3,,,
01/08/1988,1.62,,,,,,,2.92,6.92,,4.37,87.2,,,
01/09/1988,1.53,,,,,,,3.05,6.79,,4.41,87.6,,,
01/10/1988,1.68,,,,,,,2.92,5.95,,4.53,87.4,,,
01/11/1988,1.76,,,,,,,2.98,5.56,,4.69,88.7,,,
01/12/1988,1.89,,,,,,,3.08,5.39,,4.78,89.7,,,
01/01/1989,1.99,1.72,,,2.69,,,3.17,5.41,,4.81,91,,,
01/02/1989,1.81,1.88,,,2.4,,,3.1,5.38,,4.8,91.2,,,
01/03/1989,1.69,1.81,,,2.4,,,2.89,5.45,,4.79,90.8,,,
01/04/1989,1.56,1.73,,,2.33,,,2.83,5.54,,4.77,89.2,,,
01/05/1989,1.61,1.76,,,2.44,,,2.94,5.93,,4.64,88.2,,,
01/06/1989,1.65,1.81,,,2.57,,,2.98,6.58,,4.57,86.1,,,
01/07/1989,1.65,1.75,,,2.54,,,3.08,6.92,,4.65,85.1,,,
01/08/1989,1.61,1.77,,,2.48,,,3.04,7.07,,4.61,85.1,,,
01/09/1989,1.55,1.77,,,2.41,,,2.99,6.8,,4.67,84.6,,,
01/10/1989,1.58,1.78,,,2.56,,,2.84,6.06,,4.61,85.2,,,
01/11/1989,1.66,1.91,,,2.71,,,2.98,5.56,,4.71,87.7,,,
01/12/1989,1.92,1.99,,,2.79,,,3.1,5.3,,4.81,90.7,,,
01/01/1990,2.23,2.12,,,3.11,,,3.24,5.43,,4.97,90.8,,,
01/02/1990,1.85,2.1,,,2.94,,,3.1,5.65,,5.05,88.8,,,
01/03/1990,1.55,1.99,,,2.42,,,2.94,5.6,,4.92,88.3,,,
01/04/1990,1.49,1.82,,,2.95,,,2.83,5.64,,4.82,86.9,,,
01/05/1990,1.47,1.79,,,2.51,,,2.81,6,,4.63,85.5,,,
01/06/1990,1.48,1.79,,,2.75,,,3,6.56,,4.56,83.8,,,
01/07/1990,1.49,1.83,,,2.95,,,3.03,7.04,,4.45,81.8,,,
01/08/1990,1.51,1.78,,,2.79,,,2.91,7.08,,4.55,81.7,,,
01/09/1990,1.56,1.8,,,2.82,,,2.92,6.9,,4.55,80.3,,,
01/10/1990,1.76,1.84,,,2.71,,,2.81,6.14,,4.66,81.2,,,
01/11/1990,1.94,2.12,,,2.74,,,3.14,5.69,,4.81,84.7,,,
01/12/1990,2.04,2.13,,,4.23,,,3.19,5.62,,4.92,87.9,,,
01/01/1991,1.96,2.11,,,3.61,,,3.08,5.54,,4.94,89.4,,,
01/02/1991,1.62,1.92,,,3.08,,,2.94,5.56,,4.94,88.5,,,
01/03/1991,1.49,1.86,,,2.76,,,2.78,5.6,,4.89,87.8,,,
01/04/1991,1.5,1.79,,,2.87,,,2.74,5.9,,4.87,84,,,
01/05/1991,1.48,1.74,,,2.14,,,2.76,6.28,,4.65,83.2,,,
01/06/1991,1.43,1.72,,,2.19,,,2.86,6.97,,4.8,80,,,
01/07/1991,1.34,1.68,,,2.36,,,2.74,7.23,,4.5,79.3,,,
01/08/1991,1.43,1.6,,,2.53,,,2.78,7.36,,4.73,81.6,,,
01/09/1991,1.59,1.67,,,2.32,,,2.91,6.92,,4.57,78.1,,,
01/10/1991,1.82,1.8,,,2.27,,,2.92,6.2,,4.58,78.7,,,
01/11/1991,1.89,1.91,,,2.41,,,2.92,5.51,,4.71,85.1,,,
01/12/1991,2,1.98,,,2.58,,,3.05,5.51,,4.84,86.1,,,
01/01/1992,1.74,1.98,,,2.3,,,2.9,5.53,,4.85,87.1,,,
01/02/1992,1.26,1.68,,,1.98,,,2.7,5.54,,5.03,85.2,,,
01/03/1992,1.35,1.65,,,2.03,,,2.61,5.5,,4.77,84.7,,,
01/04/1992,1.42,1.63,,,1.88,,,2.74,5.62,,4.77,84,,,
01/05/1992,1.51,1.66,,,2.12,,,2.9,6.15,,4.59,79.3,,,
01/06/1992,1.62,1.77,,,2.17,,,3,6.84,,4.72,79.4,,,
01/07/1992,1.55,1.7,,,2.16,,,3.01,7.27,,4.64,76,,,
01/08/1992,1.84,1.83,,,2.31,,,3.18,7.45,,4.73,76.1,,,
01/09/1992,1.92,1.96,,,2.36,,,3.23,7.15,,4.69,78,,,
01/10/1992,2.38,2.22,,,2.65,,,3.5,6.52,,4.9,80.9,,,
01/11/1992,2.13,1.96,,,2.52,,,3.33,6.02,,5.12,83.1,,,
01/12/1992,2.07,2.13,,,2.49,,,3.17,5.74,,5.11,85.6,,,
01/01/1993,2.03,2.07,,,2.44,,,3.11,5.73,,5.23,86.6,,,
01/02/1993,1.76,1.89,,,2.45,,,2.94,5.73,,5.14,86.3,,,
01/03/1993,2,1.94,,,2.46,,,3.06,5.67,,5.1,86.4,,,
01/04/1993,2.06,2.03,,,2.58,,,3.24,6.02,,5.19,84.9,,,
01/05/1993,2.18,2.17,,,2.63,,,3.58,6.78,,5.31,82.2,,,
01/06/1993,1.98,1.98,,,2.31,,,3.44,7.37,,5.4,79,,,
01/07/1993,1.99,1.92,,,2.55,,,3.34,7.86,,5.15,79.2,,,
01/08/1993,2.04,1.97,,,2.68,,,3.35,8.13,,5.34,78,,,
01/09/1993,2.09,2.09,,,2.78,,,3.54,7.75,,5.35,78.3,,,
01/10/1993,2.02,1.93,,,2.52,,,3.15,6.79,,5.18,79.9,,,
01/11/1993,2.03,2.07,,,2.83,,,3.15,6.17,,5.21,83,,,
01/12/1993,2.15,2.27,,,3.01,,,3.27,6.07,,5.33,85.1,,,
01/01/1994,1.93,2.11,,,2.71,,,3.04,5.93,,5.5,83.7,,,
01/02/1994,1.88,2.24,,,2.74,,,3.26,6.04,,5.58,83.9,,,
01/03/1994,1.93,2.21,,,2.74,,,3.33,6.3,,5.67,82.8,,,
01/04/1994,1.91,1.96,,,2.45,,,3.15,6.6,,5.6,78.6,,,
01/05/1994,2,1.94,,,2.47,,,3.17,6.84,,5.47,74.5,,,
01/06/1994,1.8,1.77,,,2.52,,,3.17,7.66,,5.37,70.5,,,
01/07/1994,1.81,1.82,,,2.65,,,3.12,8.1,,5.25,68.7,,,
01/08/1994,1.83,1.76,,,2.42,,,3.15,8.22,,5.31,72.6,,,
01/09/1994,1.78,1.66,,,2.37,,,2.92,7.84,,5.36,72.2,,,
01/10/1994,1.7,1.54,,,2.38,,,2.8,6.86,,5.11,74.3,,,
01/11/1994,1.75,1.71,,,2.21,,,2.84,6.27,,5.19,77.8,,,
01/12/1994,1.88,1.72,,,2.47,,,2.86,6.06,,5.24,82.1,,,
01/01/1995,1.62,1.6,,,2.36,,,2.79,5.85,,5.23,81.6,,,
01/02/1995,1.48,1.46,,,2.3,,,2.71,5.76,,5.14,81.7,,,
01/03/1995,1.47,1.4,,,2.22,,,2.74,5.84,,5.12,81.2,,,
01/04/1995,1.52,1.37,,,2.17,,,2.72,6.06,,5.08,77.2,,,
01/05/1995,1.55,1.46,,,2.23,,,2.8,6.54,,5.04,71.8,,,
01/06/1995,1.58,1.47,,,2.34,,,2.89,7.49,,5.16,71.4,,,
01/07/1995,1.43,1.4,,,2.3,,,2.89,7.82,,5.03,67.3,,,
01/08/1995,1.43,1.34,,,2.6,,,2.87,8.13,,4.99,66.6,,,
01/09/1995,1.52,1.43,,,2.58,,,2.89,7.73,,4.98,67.9,,,
01/10/1995,1.54,1.48,,,2.21,,,2.83,6.62,,4.82,69.7,,,
01/11/1995,1.61,1.61,,,2.69,,,2.67,5.61,,4.77,75.6,,,
01/12/1995,1.84,1.8,,,2.94,,,2.83,5.54,,5,79.2,,,
01/01/1996,2.05,2.09,,,3.1,,,3.14,5.64,,5.29,83.2,,,
01/02/1996,1.89,1.95,,,2.85,,,3.16,5.82,,5.25,83.3,,,
01/03/1996,1.95,1.92,,,2.88,,,3.17,5.93,,5.36,81.8,,,
01/04/1996,2.08,1.87,,,2.88,,,3.22,6.27,,5.34,79.5,,,
01/05/1996,2.01,1.72,,,2.73,,,3.18,6.84,,5.4,74.6,,,
01/06/1996,2.08,1.7,,,2.87,,,3.41,7.83,,5.43,70,,,
01/07/1996,2.25,1.84,,,3.04,,,3.49,8.64,,5.46,67.8,,,
01/08/1996,2.1,1.8,,,2.65,,,3.46,8.73,,5.56,66.3,,,
01/09/1996,1.85,1.62,,,2.85,,,3.05,7.99,,5.46,67.1,,,
01/10/1996,1.94,1.71,,,2.83,,,2.94,7.05,,5.33,69.1,,,
01/11/1996,2.5,2.26,,,3.25,,,3.46,6.37,,5.4,75.7,,,
01/12/1996,3.26,3,,,3.7,,,4.18,6.47,,5.78,78.1,,,
01/01/1997,3.4,3.26,2.93,3,4.16,4.08,4.25,4.28,6.74,,6.19,78.7,,,
01/02/1997,2.49,2.52,2.49,3,3.46,2.85,4.29,3.76,6.79,,6.14,78.3,,,
01/03/1997,1.79,1.72,2.1,2.98,2.74,1.99,4.22,3.07,6.52,,5.73,73.9,,,
01/04/1997,1.81,1.67,1.72,2.23,2.72,1.8,4.06,2.92,6.53,,5.46,71.8,,,
01/05/1997,2,1.83,1.82,2.39,2.72,2.04,3.98,3.11,6.83,,5.39,65.5,,,
01/06/1997,2.08,1.88,1.82,2.48,2.81,2.22,4.22,3.41,8.3,,5.64,61.6,,,
01/07/1997,2,1.84,,,2.71,,,3.44,8.78,,5.35,59.4,,,
01/08/1997,2.08,1.83,,,2.86,,,3.34,8.99,,5.43,57.9,,,
01/09/1997,2.33,2.01,,,2.83,,,3.5,8.84,,5.58,59.4,,,
01/10/1997,2.68,2.33,,,3.19,,,3.86,7.69,,5.74,62.8,,,
01/11/1997,2.92,2.72,,,3.35,,,4.76,6.86,,5.86,70.3,,,
01/12/1997,2.28,2.19,,,2.86,,,3.42,6.54,,5.72,72.9,,,
01/01/1998,1.96,2.08,,,2.93,,,3.08,6.41,,5.65,73.2,,,
01/02/1998,1.96,1.94,,,2.53,,,3.08,6.41,,5.59,72.9,,,
01/03/1998,2.06,1.98,,,2.55,,,3.06,6.29,,5.4,73.6,,,
01/04/1998,2.16,2.04,,,2.57,,,3.23,6.81,,5.64,67.7,,,
01/05/1998,2.04,2.02,,,2.26,,,3.12,7.7,,5.73,62.6,,,
01/06/1998,1.91,1.88,,,2.29,,,2.98,8.51,,5.51,62.9,,,
01/07/1998,2.09,1.97,,,2.42,,,3.31,8.53,,5.64,56,,,
01/08/1998,1.82,1.82,,,2.35,,,3.01,9.25,,5.46,53.3,,,
01/09/1998,1.7,1.68,,,2.4,,,2.78,8.96,,5.49,57,,,
01/10/1998,1.86,1.93,,,2.28,,,2.99,7.6,,5.31,59.2,,,
01/11/1998,1.94,2.12,,,2.28,,,2.99,6.58,,5.22,64.5,,,
01/12/1998,1.95,2.16,,,2.34,,,3.1,6.34,,5.23,68.3,,,
01/01/1999,1.85,2.03,2.02,2.42,2.36,,,2.85,6,,5.19,73.1,,,
01/02/1999,1.77,1.93,1.89,2.76,2.3,,,2.92,6.29,,5.28,69.7,,,
01/03/1999,1.7,1.8,1.77,2.44,2.11,,,2.77,6.06,,4.97,69.2,,,
01/04/1999,1.9,1.85,1.83,2.24,2.26,,,2.88,6.44,,5.31,65.3,,,
01/05/1999,2.17,2.17,2.17,1.99,2.48,,,3.25,7.3,,5.34,61,,,
01/06/1999,2.14,2.13,2.13,2.11,2.44,,,3.12,8.2,,5.29,61,,,
01/07/1999,2.2,2.18,2.17,2.22,2.54,,,3.11,8.83,,5.43,58.2,,,
01/08/1999,2.51,2.39,2.4,2.32,2.84,,,3.39,9.14,,5.45,56.5,,,
01/09/1999,2.62,2.63,2.64,2.58,3.03,,,3.59,8.63,,5.55,60,,,
01/10/1999,2.52,2.5,2.5,2.51,2.89,,,3.21,7.56,,5.46,61.6,,,
01/11/1999,2.68,2.85,2.84,2.98,3.12,,,3.71,7.15,,5.72,63,,,
01/12/1999,2.24,2.34,2.32,2.83,2.86,,,3.19,6.51,,5.57,67.9,,,
01/01/2000,2.6,2.44,2.42,2.85,2.95,,,3.27,6.37,,5.77,67.2,,,
01/02/2000,2.73,2.6,2.57,3.33,3.05,,,3.48,6.54,,5.95,68.2,,,
01/03/2000,2.66,2.61,2.6,2.77,3,,,3.54,6.91,,5.78,63.6,,,
01/04/2000,2.86,2.86,2.85,2.9,3.37,,,3.72,7.19,,6.03,62.3,,,
01/05/2000,3.04,3.05,3.05,3.06,3.52,,,4.15,8.26,,5.97,60.9,,,
01/06/2000,3.77,3.87,3.89,3.49,4.27,,,5.19,9.5,,6.49,58,,,
01/07/2000,3.84,3.94,3.99,3.51,4.45,,,5.2,10.32,,6.55,57,,,
01/08/2000,3.73,3.62,3.65,3.29,4.13,,,4.63,10.37,,6.08,59.2,,,
01/09/2000,4.26,4.15,4.19,3.7,4.81,,,5.21,10.1,,6.92,57.5,,,
01/10/2000,4.58,5.16,5.27,3.96,5.04,,,5.66,9.44,,7.48,59.8,,,
01/11/2000,4.4,4.86,4.94,3.61,4.39,,,5.2,8.58,,7.57,63.9,,,
01/12/2000,5.77,7.35,7.48,4.77,5.65,,,6.64,8.56,,8.2,68.3,,,
01/01/2001,6.82,9.47,9.61,6.72,7.48,8.26,4.69,8.91,10.12,,9.5,72.9,8.84,23.5,
01/02/2001,5.08,6.45,6.49,5.86,5.8,5.97,4.74,7.08,10.26,,9.8,71.8,7.21,23.2,
01/03/2001,4.37,5.42,5.42,5.42,4.93,4.97,4.71,6.1,9.85,,9.14,69.2,6.3,22,
01/04/2001,4.52,5.35,5.4,4.72,5.65,6.09,4.26,6.3,10.16,,9.01,66.5,6.08,21,
01/05/2001,4.36,4.95,5.01,4.29,5.5,5.81,4.23,5.77,11.14,,9.19,61,5.46,19.5,
01/06/2001,3.79,3.94,3.91,4.19,4.64,4.71,4.29,5.38,11.58,,8.5,59.6,4.75,19.2,
01/07/2001,3.35,3.17,3.12,3.87,3.62,3.48,4.28,4.03,11.22,,7.9,54.6,4.1,20.2,
01/08/2001,3.33,3.14,3.11,3.51,3.48,3.28,4.3,4.32,10.89,,7.61,53.9,3.99,19.6,
01/09/2001,2.93,2.63,2.58,3.35,2.79,2.45,4.4,3.66,10.17,,6.96,54,3.5,19.8,
01/10/2001,2.78,2.14,2.13,2.24,2.74,2.26,4.41,3.37,8.24,,6.39,60.1,3.18,20.3,
01/11/2001,3.41,2.95,2.95,2.89,3.21,3.04,4.3,4.02,7.98,,6.79,65,3.88,20.2,
01/12/2001,3.42,2.68,2.67,2.95,2.76,2.52,4.3,3.9,7.3,,6.35,68.1,3.69,20.7,
01/01/2002,2.5,2.73,2.71,3.7,2.9,2.63,4.27,3.79,7.38,98.3,6.51,79.8,4.05,20.3,3.1
01/02/2002,2.19,2.32,2.3,2.97,2.42,2.19,4.04,3.76,7.23,98.5,6.4,80.7,3.7,20.5,2.86
01/03/2002,2.4,2.61,2.61,2.65,2.75,2.58,3.74,3.84,7.1,98.4,6.28,81.5,3.78,20.2,3.37
01/04/2002,2.94,3.27,3.28,3.07,3.51,3.47,3.68,4.21,7.66,98.1,6.56,76.8,3.64,26.3,3.8
01/05/2002,2.94,3.25,3.25,3.33,3.32,3.29,3.79,4.07,8.54,97.6,6.68,73,4.07,23.9,3.78
01/06/2002,2.96,3.08,3.05,3.38,3.27,3.18,3.85,4.15,9.58,97.9,6.8,73.2,3.86,25.5,3.61
01/07/2002,2.92,2.84,2.81,3.33,3.31,3.2,4.09,3.95,10.31,97.5,6.62,71.2,3.8,24,3.49
01/08/2002,2.76,2.7,2.67,3.14,2.99,2.82,4.26,3.67,10.44,98,6.45,71.6,3.62,22.5,3.42
01/09/2002,2.97,3.06,3.04,3.32,3.37,3.24,4.3,3.99,10.23,97.5,6.54,69.5,3.89,22.5,3.71
01/10/2002,3.24,3.56,3.58,3.39,3.72,3.64,4.28,4.32,8.61,96.7,6.64,73.2,4.18,21.7,4.19
01/11/2002,3.59,4.04,4.05,3.84,4.21,4.2,4.3,4.65,7.99,97.2,6.89,78.7,4.72,21.8,4.35
01/12/2002,3.96,4.2,4.19,4.35,4.3,4.3,4.34,4.74,7.87,97.5,7.16,79.6,4.92,23.1,4.72
01/01/2003,4.43,4.89,4.9,4.69,5.61,5.74,4.43,5.28,8.18,97.3,7.48,79.9,5.65,21.4,5.33
01/02/2003,5.05,5.71,5.77,4.83,6.46,6.68,4.44,5.83,8.58,97.6,7.98,80.7,6.4,22.1,6.47
01/03/2003,6.96,7.61,7.84,5.41,8.47,8.97,4.3,7.63,9.77,97.4,9.2,80.8,8.27,21.3,7.05
01/04/2003,4.47,5,4.95,5.4,5.22,5.33,4.44,5.6,10.18,97.6,8.97,77.9,5.96,20.9,5.38
01/05/2003,4.77,5.04,5.08,4.79,5.51,5.59,4.62,5.69,10.79,97.6,8.71,74.2,5.78,20.3,5.7
01/06/2003,5.41,5.53,5.62,5.02,5.94,6.03,4.76,6.4,12.08,97.9,9,74.7,6.59,19.1,6.08
01/07/2003,5.08,5.11,5.08,5.27,5.31,5.4,4.67,5.83,12.75,97.7,8.73,72.4,5.69,24.7,5.45
01/08/2003,4.46,4.54,4.56,4.4,4.9,4.95,4.43,5.48,12.84,97.8,8.4,74.5,5.28,22.9,5.23
01/09/2003,4.59,4.67,4.69,4.6,4.95,5.02,4.4,5.58,12.31,97.6,8.41,73.5,5.32,22.9,5.12
01/10/2003,4.32,4.48,4.52,4.31,4.63,4.67,4.4,5.33,10.64,96.9,8.28,74.6,4.93,23.3,4.98
01/11/2003,4.26,4.51,4.54,4.34,4.67,4.69,4.45,5.54,9.77,97.3,8.36,78,5.19,22.7,4.85
01/12/2003,4.76,5.08,5.12,4.78,5.32,5.39,4.51,5.89,9.51,97.5,8.62,80.5,5.9,23.5,5.69
01/01/2004,5.21,5.98,6.02,5.71,6.02,6.15,4.42,6.41,9.71,97.6,9.06,81.6,6.72,23.1,6.37
01/02/2004,5.02,5.67,5.65,5.78,5.71,5.81,4.53,6.35,9.85,97.9,9.1,81.7,6.52,23.6,5.76
01/03/2004,5.12,5.15,5.13,5.23,5.35,5.4,4.6,6.23,10.03,97.6,9.05,79.2,5.97,22.8,5.5
01/04/2004,5.03,5.21,5.2,5.25,5.57,5.65,4.79,6.31,10.54,97.9,9.02,77.7,6.06,23.3,5.74
01/05/2004,5.4,5.63,5.63,5.62,6.12,6.16,4.89,6.48,11.63,97.4,9.23,73.8,6.34,23.4,6.3
01/06/2004,5.82,6.06,6.05,6.15,6.48,6.58,4.83,6.94,13.08,98.1,9.71,72.2,6.82,25,6.52
01/07/2004,5.62,5.75,5.76,5.71,6.09,6.19,4.98,6.68,13.54,98.1,9.65,71.7,6.41,24.9,6.24
01/08/2004,5.52,5.62,5.6,5.68,5.86,5.94,5.05,6.51,13.74,98,9.66,71,6.36,24,5.97
01/09/2004,5.06,4.96,4.94,5.05,5.47,5.49,5.24,6.06,13.31,97.8,9.26,71.4,5.68,22.8,5.39
01/10/2004,5.43,5.38,5.37,5.42,5.77,5.83,5.24,6.3,11.69,97.7,9.17,73.3,6.03,22.6,6.05
01/11/2004,6.21,6.98,6.98,6.96,7.17,7.3,5.32,7.5,11.44,97.6,10.21,78,7.64,23.5,6.71
01/12/2004,6.01,6.96,6.91,7.18,7.22,7.35,5.4,7.49,11.09,97.8,10.42,80.3,7.54,24.5,6.88
01/01/2005,5.8,6.3,6.3,6.29,6.2,6.26,5.27,7.05,10.9,98.1,10.02,84.8,7.06,24.8,6.72
01/02/2005,5.73,6.14,6.11,6.34,6.21,6.26,5.4,7.09,10.87,98.3,9.83,85,7.15,24.3,6.42
01/03/2005,5.95,6.24,6.25,6.17,6.59,6.67,5.26,7.24,10.84,98.2,9.91,84.4,7.12,24.6,6.84
01/04/2005,6.57,6.92,6.93,6.91,7.06,7.27,5.19,7.79,11.88,98.3,10.25,82.5,7.71,23.9,7.27
01/05/2005,6.25,6.58,6.56,6.67,6.75,6.84,5.38,7.51,12.74,98.1,10.35,79.4,7.19,24.2,6.83
01/06/2005,6.09,6.35,6.34,6.37,6.6,6.68,5.49,7.3,13.79,98.2,10.22,78.2,6.91,23.7,7.08
01/07/2005,6.71,6.82,6.82,6.88,7.09,7.27,5.89,7.68,14.86,98.5,10.58,75.6,7.4,24.5,7.57
01/08/2005,6.48,7.5,7.51,7.43,7.93,8.15,6.08,8.2,15.51,98.4,11.01,76.2,7.98,24.6,8.67
01/09/2005,8.95,9.96,9.97,9.88,9.71,10.26,5.97,10.26,16.56,98.1,12.59,74.8,10.18,23.2,10.99
01/10/2005,10.33,11.99,11.95,12.17,11.06,11.82,6.24,12.16,16.44,97.8,14.29,78.9,12.06,23.2,11.84
01/11/2005,9.89,11.31,11.07,12.54,10.34,10.9,6.4,11.57,15.64,97.6,14.76,81.3,12.11,23.4,9.87
01/12/2005,9.08,10.91,10.98,10.47,10.59,11.14,6.68,10.77,14.6,98.1,14.01,84,11.17,23.7,11.26
01/01/2006,8.01,10.11,10.05,10.57,9.52,9.93,5.9,10.8,14.92,98.3,14.16,84,10.85,23.7,9.15
01/02/2006,6.85,7.96,7.89,8.47,7.71,7.91,5.81,9.34,13.98,98.1,12.95,84.2,9.38,23.7,8
01/03/2006,6.43,7,6.94,7.55,6.79,6.88,5.69,8.81,13.17,98.2,12.07,84,8.24,23.8,7.36
01/04/2006,6.37,6.73,6.64,7.16,6.72,6.85,5.76,8.29,13.27,98.1,11.57,80.9,7.93,23.5,7.32
01/05/2006,6.23,6.53,6.39,7.09,6.5,6.56,5.95,7.99,14.41,98,11.61,78.5,7.63,23.8,6.89
01/06/2006,5.77,5.83,5.79,6.02,6,6.01,5.94,7.39,15.07,98.2,11.09,75.8,6.92,23.3,6.69
01/07/2006,5.91,5.95,5.92,6.12,6.02,6,5.95,7.4,15.72,98.3,10.98,74.4,6.78,23.6,6.69
01/08/2006,6.55,6.74,6.69,7.03,6.98,7.04,6.17,8.1,16.18,98.2,11.2,72.5,7.36,23.7,7.56
01/09/2006,6.06,5.83,5.71,6.72,5.9,5.82,6.22,7.68,15.71,98.1,11.16,74.6,7.21,22,6.27
01/10/2006,5.09,4.88,4.82,5.4,5.06,4.99,6.28,6.42,12.51,97.6,10.05,77.3,5.62,22.9,5.76
01/11/2006,6.71,7.24,7.21,7.42,7.21,7.26,6.45,8.47,12.45,97.8,11.05,80.3,7.74,23,7.48
01/12/2006,6.76,7.6,7.57,7.81,7.57,7.64,6.44,8.66,12.53,98,11.61,82.6,8.23,23.4,7.57
01/01/2007,5.7,6.5,6.52,6.38,6.58,6.62,6.08,7.88,12.17,98.2,11.18,83.2,7.36,22.7,7.08
01/02/2007,6.8,7.39,7.37,7.54,7.35,7.49,5.91,8.57,12.13,98.1,11.22,84,8.25,23,8.18
01/03/2007,6.65,7.45,7.43,7.53,7.33,7.42,5.85,8.79,12.81,98.1,11.79,83.5,8.42,22.4,7.64
01/04/2007,6.26,7.24,7.24,7.22,7.41,7.53,5.86,8.2,13.31,98,11.5,81.2,8.14,22.3,7.77
01/05/2007,6.75,7.45,7.42,7.52,7.47,7.58,5.65,8.41,14.69,98.1,11.51,77.9,8.11,23.2,7.96
01/06/2007,6.62,7.32,7.3,7.41,7.31,7.41,5.73,8.45,16.28,98.3,11.81,76.2,7.92,23.8,7.8
01/07/2007,6.21,6.56,6.45,6.92,6.47,6.51,5.87,8.02,16.71,98.3,11.63,74.3,7.51,22.1,7.03
01/08/2007,5.76,6,5.92,6.29,6.1,6.1,6.06,7.6,16.71,98.2,11.19,72.5,6.72,22.3,6.83
01/09/2007,5.3,5.49,5.46,5.71,5.83,5.81,6.14,7,16.03,98.1,10.92,72.3,6.28,21.2,6.33
01/10/2007,5.78,6.35,6.31,6.84,6.61,6.45,9.34,7.43,14.57,97.8,10.93,74.7,7.06,21.3,7
01/11/2007,6.46,7.21,7.15,7.88,7.05,7.08,6.33,8.14,13.04,97.7,11.23,79.6,7.87,20.8,7.28
01/12/2007,6.87,7.51,7.49,7.86,7.36,7.41,6.28,8.27,12.34,98,11.24,82.3,8.18,21.4,7.93
01/01/2008,7.38,7.66,7.57,8.42,7.7,7.73,6.6,8.37,12.24,97.8,11.2,82.6,8.29,20.5,8.52
01/02/2008,8.02,8.34,8.24,9.37,8.36,8.4,6.9,8.91,12.58,97.6,11.49,82.3,8.96,20.5,8.87
01/03/2008,8.63,9.03,8.98,9.41,9.33,9.4,7.09,9.49,13.13,97.6,12.03,82.3,9.61,21.4,9.53
01/04/2008,8.87,9.61,9.55,9.85,9.94,10.05,7.09,9.84,14.49,97.4,12.63,79.7,10.03,21.9,10.19
01/05/2008,9.96,10.8,10.68,11.33,10.93,11.13,7.21,11.05,16.33,97.3,13.51,76.6,11.35,21.3,10.97
01/06/2008,10.36,11.71,11.57,12.34,11.58,11.86,7.38,11.85,18.91,97.1,14.68,76.3,12.11,20.8,12.41
01/07/2008,10.79,11.78,11.6,12.99,11.9,12.16,7.49,12.48,20.77,97.1,15.64,73.4,13.06,20.7,11.71
01/08/2008,8.21,8.67,8.46,10.25,8.69,8.74,7.97,10.2,20.17,97,14.19,72.2,10.1,20.4,8.97
01/09/2008,6.71,7.54,7.34,9.06,7.45,7.38,8.56,8.99,18.41,97,13.12,72.5,9.13,19.1,7.81
01/10/2008,5.64,6.87,6.68,9.16,6.54,6.44,8.72,7.8,15.45,96.9,12.06,75.3,8.1,18.9,6.74
01/11/2008,5.23,6.54,6.46,8.09,6.28,6.19,8.87,7.93,13.8,97.3,11.72,79.4,7.34,19.6,6.64
01/12/2008,5.94,6.74,6.6,8.86,6.59,6.55,8.27,8.16,12.84,97.5,11.61,81.9,7.86,19.8,6.9
01/01/2009,4.6,6.18,6.07,7.63,5.98,5.96,7.54,7.97,12.49,97.6,11.28,82.4,7.5,20.1,6.62
01/02/2009,3.7,5.21,5.07,6.82,4.92,4.9,6,7.26,12.26,97.7,10.98,81.1,6.43,19.9,5.62
01/03/2009,3.38,4.34,4.13,6.34,4.29,4.23,6.42,6.85,11.98,97.4,10.46,80.8,5.69,19.4,4.92
01/04/2009,3.18,3.67,3.57,4.2,3.88,3.79,7.33,5.71,11.68,97.2,9.7,77.7,5.05,18.6,4.7
01/05/2009,3.23,3.48,3.4,3.88,3.85,3.76,7.2,5.49,12.86,97.2,9.42,74.4,4.4,19,4.7
01/06/2009,3.38,3.51,3.43,3.89,3.9,3.79,7.65,5.55,14.26,96.8,9.53,73.3,4.56,18.7,4.62
01/07/2009,3.45,3.5,3.39,4.21,3.97,3.75,8,5.7,15.27,96.9,9.74,70.5,4.68,18.6,4.47
01/08/2009,3.37,3.29,3.22,3.94,3.58,3.46,8.36,5.61,15.61,96.9,9.52,68.5,4.38,18.3,4.3
01/09/2009,2.98,2.91,2.86,3.35,3.43,3.1,10.2,5.37,14.8,96.6,9.35,69.3,3.89,18,4.02
01/10/2009,3.83,3.92,3.91,3.95,4.29,4.12,10.97,5.65,11.78,96.8,8.93,73.3,4.82,17.9,5.04
01/11/2009,4.2,4.4,4.42,4.25,4.53,4.4,10.69,6.34,11.48,97.2,9.45,75.8,5.44,17.8,5.06
01/12/2009,4.66,5.23,5.3,4.63,5.63,5.42,9.18,6.22,10.42,97.6,9.1,80.1,5.97,18.9,6.24
01/01/2010,5.69,5.95,5.98,5.78,6.35,6.24,11.68,6.84,10.56,97.7,9.65,81.2,6.93,18.3,6.98
01/02/2010,5.3,5.62,5.63,5.74,5.87,5.74,7.97,6.64,10.69,97.8,9.71,81.7,6.76,17.8,6.27
01/03/2010,4.7,4.87,4.91,4.87,5.1,4.95,12.36,6.5,10.99,97.6,9.7,79.7,6.01,17.6,5.47
01/04/2010,4.1,4.13,4.13,4.25,4.76,4.36,12.21,5.88,11.97,96.2,9.57,75.7,5.12,17,4.91
01/05/2010,4.24,4.13,4.1,4.24,4.68,4.51,11.94,5.81,13.12,97.1,9.5,73,5.08,17.1,4.96
01/06/2010,4.27,4.23,4.21,4.2,4.98,4.79,8.27,6.02,14.86,96.9,9.72,71.9,5.04,17.3,5.31
01/07/2010,4.44,4.4,4.33,4.8,5.25,4.9,12.83,6.31,16.21,96.8,10.04,70.6,5.49,17.5,5.34
01/08/2010,4.38,4.13,4.04,4.93,4.89,4.69,13.19,6.22,16.65,96.5,9.94,69.8,5.37,17,5.06
01/09/2010,3.83,3.76,3.65,4.6,4.64,4.16,9.85,5.72,15.63,96.7,9.56,68.5,4.61,16.7,4.61
01/10/2010,4.05,3.83,3.72,4.78,4.41,3.99,9.04,5.7,13.37,96.8,9.27,71.8,4.73,16.1,4.45
01/11/2010,4.12,3.96,3.85,5.09,4.42,4.1,8.18,5.48,10.89,97.4,8.86,77.7,4.6,16.9,4.55
01/12/2010,4.68,4.56,4.51,5.41,5.01,4.57,8.5,5.74,9.98,97.7,8.82,80.2,5.5,17.1,5.68
01/01/2011,4.37,4.66,4.55,5.56,5.11,4.74,8.2,5.69,9.9,96.5,8.74,72.8,5.66,16.8,5.66
01/02/2011,4.34,4.49,4.43,4.99,4.79,4.58,9.71,5.75,10.14,96.5,8.88,72,5.77,16.6,5.29
01/03/2011,3.95,4.24,4.1,5.35,4.52,4.31,10.28,5.73,10.43,96.2,8.89,69.6,5.21,16.6,4.84
01/04/2011,4.05,4.35,4.21,5.42,4.78,4.55,8.25,5.62,11.27,96,9.02,66.5,5.34,16,5.03
01/05/2011,4.12,4.31,4.26,4.63,4.88,4.62,8.62,5.8,12.5,96.2,9.35,63.9,5.21,16.3,5.04
01/06/2011,4.2,4.6,4.37,6.66,4.83,4.71,11.6,6.12,14.7,96.3,9.57,61.7,5.21,15.9,5.2
01/07/2011,4.27,4.39,4.3,5.5,4.82,4.64,12.72,6.16,16.14,96.3,9.58,60.1,5.05,16.5,5.13
01/08/2011,4.2,4.4,4.09,6.99,4.63,4.51,11.6,6.19,16.67,95.7,9.77,58.1,5.21,16,4.85
01/09/2011,3.82,3.92,3.87,4.48,4.87,4.19,12.76,5.94,15.63,95.6,9.46,57.8,4.84,15.8,4.71
01/10/2011,3.62,4.06,3.66,7.41,4.14,3.92,12.54,5.45,12.85,95.7,8.94,61.4,4.71,15.9,4.49
01/11/2011,3.35,3.58,3.55,4.2,4.24,3.8,15.29,5.29,10.78,95.2,8.62,66.1,4.64,16.2,4.26
01/12/2011,3.14,3.66,3.49,5.57,4.08,3.73,12.83,5.03,9.83,96.4,8.3,69.1,4.59,16.6,4.18
01/01/2012,2.89,3.27,3.22,4.25,3.66,3.25,11.83,4.85,9.62,96.3,8.04,71.5,4.58,16.1,3.82
01/02/2012,2.46,2.86,2.75,4.3,3.06,2.93,11.3,4.73,9.47,96.2,7.76,70.1,4.19,16.2,3.46
01/03/2012,2.25,2.36,2.31,2.95,2.74,2.59,10.67,4.84,10.41,96.2,8.16,68.1,3.71,16,3.09
01/04/2012,1.89,2.04,2.01,2.96,2.28,2.28,8.54,4.19,10.94,95.5,8.04,62.8,3.21,15.5,2.81
01/05/2012,1.94,2.29,2.15,4.37,2.79,2.5,16.1,4.3,12.61,95.4,8.14,59.2,3.02,15.6,3.05
01/06/2012,2.54,2.35,2.33,3.1,2.93,2.65,17.55,4.63,14.18,95.5,8.44,59.1,3.34,15.6,3.21
01/07/2012,2.59,2.78,2.64,5.15,3.05,3.05,8.49,4.88,15.13,95.5,8.52,57.9,3.6,16.1,3.54
01/08/2012,2.86,2.83,2.74,4.02,3.35,3.14,15.15,5.13,15.82,94.9,8.71,55.9,3.83,16.6,3.61
01/09/2012,2.71,2.67,2.65,3.17,3,3,8.4,4.76,14.72,95,8.35,56.4,3.56,16.5,3.54
01/10/2012,3.03,3.16,3.16,3.18,3.71,3.46,11.57,4.65,11.68,95.1,8.07,59.9,3.94,16.3,4
01/11/2012,3.35,4.03,3.83,7.21,3.96,3.96,8.86,4.79,9.99,95.3,7.99,65.3,4.46,16.9,4.43
01/12/2012,3.35,3.93,3.84,5.22,4.15,3.88,11.76,4.79,9.8,95.7,8.18,67.6,4.73,17,4.35
01/01/2013,,4.14,3.95,7.86,3.9,3.9,10.11,4.52,9.15,96.1,7.75,70.2,4.58,17,4.56
01/02/2013,,3.99,3.97,4.47,3.84,3.84,10.85,4.56,9.23,95.7,7.78,69.7,4.54,17,4.59
01/03/2013,,3.84,3.8,5.03,4.05,4.05,10.02,4.75,9.35,95.6,7.77,68.8,4.59,16.8,4.5
01/04/2013,,3.98,3.96,4.9,4.43,4.43,11.36,5.16,10.43,95.3,8.15,66.1,4.95,16.8,4.84
01/05/2013,,3.94,3.93,4.51,4.38,4.37,12.84,5.55,12.61,95.6,8.71,62.6,5,16.2,4.79
01/06/2013,,3.9,3.73,8.65,4.22,4.22,13.38,5.74,15.02,95.5,9.07,58.4,4.9,16,4.56
01/07/2013,,3.41,3.37,4.59,3.94,3.93,12.89,5.51,16.3,95.6,9.04,56.7,4.47,15.8,4.34
01/08/2013,,3.17,3.01,7.42,3.75,3.75,13.25,5.24,16.43,95.6,9.04,56.2,4.31,15.9,4.03
01/09/2013,,3.49,3.01,9.96,3.88,3.88,13.53,5.21,15.69,95.6,8.8,56.6,4.36,16.3,4.22
01/10/2013,,3.4,3.34,5.79,3.88,3.88,13.09,4.88,12.38,95.7,8.28,60.5,4.36,16.6,4.26
01/11/2013,,3.77,3.76,4.62,4.15,3.92,13.45,4.78,10.04,95.8,7.94,65.7,4.62,16.9,4.36
01/12/2013,,4.75,4.71,8.75,4.56,4.56,12.69,4.93,9.14,95.8,7.81,69.2,4.97,17.2,5.11
01/01/2014,,7.15,6.94,7.13,5.82,5.81,13.7,5.56,9.26,95.7,8.11,70.7,5.69,15.5,7.46
01/02/2014,,9.11,8.91,10.99,9.56,9.44,15.49,6.41,9.77,95.5,8.69,70.6,6.63,16.1,7.8
01/03/2014,,8.12,8.02,8.47,8.2,8.2,14.31,6.57,10.7,95.4,9.35,69.4,6.47,15.8,6.29
01/04/2014,,5.11,4.66,17.34,4.93,4.93,13.23,5.64,11.76,95.3,9.49,65.1,5.85,14.9,5.25
01/05/2014,,4.6,4.5,5.99,5.01,4.82,15.78,5.9,13.6,95.4,9.7,60.5,5.74,14.8,5.09
01/06/2014,,5.32,4.52,10.48,4.81,4.81,12.58,6.05,16.13,95.5,9.94,58.1,5.46,14.5,4.99
01/07/2014,,4.77,4.16,11.8,4.74,4.48,16.01,5.99,17.23,95.5,10.06,55.7,5.43,14.7,4.58
01/08/2014,,3.87,3.8,6.56,4.38,4.09,16.01,5.49,17.41,95.6,9.67,55.2,4.96,14.3,4.25
01/09/2014,,4.24,3.85,8.73,4.41,4.13,15.74,5.51,16.27,95.6,9.39,55.7,5.02,13.9,4.34
01/10/2014,,3.87,3.69,4.63,4.37,4.09,15.1,5.16,13.11,95.3,8.97,58.8,5.03,13.7,4.23
01/11/2014,,3.97,3.97,,4.44,4.44,12.17,4.91,10.19,95.8,8.29,66,5.02,14.7,4.68
01/12/2014,,4.44,4.1,7.45,4.25,4.24,13.5,5.15,10.01,95.6,8.53,68.4,5.62,15,4.5
01/01/2015,,4.75,4.01,10.9,3.78,3.51,17.39,4.48,9.5,95.7,8.15,70.8,4.9,14.8,4.31
01/02/2015,,5.46,4.82,9.13,3.98,3.81,12.87,4.57,9.08,95.6,7.81,71,4.74,15.2,5.02
01/03/2015,,3.9,3.16,8.1,3.41,3.4,11.1,4.35,9.28,95.4,7.85,69.9,4.46,15.4,3.71
01/04/2015,,2.59,2.39,8.31,2.83,2.83,10.53,3.93,10.43,95.4,8.03,64.8,3.96,14.6,3.24
01/05/2015,,2.52,2.44,6.04,2.95,2.85,7.53,4.25,12.73,95.4,8.13,61.2,3.58,15.1,3.28
01/06/2015,,2.56,2.43,6.29,3.01,2.91,7.82,4.44,15.07,95.5,8.52,57.9,3.76,14.6,3.25
01/07/2015,,2.66,2.44,4.53,3.06,2.96,8.1,4.65,16.28,95.7,8.49,56.9,3.74,14.6,3.23
01/08/2015,,2.74,2.51,3.45,3.09,2.99,7.91,4.59,16.88,95.4,8.46,55.6,3.79,14.3,3.23
01/09/2015,,2.75,2.49,6.03,2.92,2.84,7.17,4.56,16.4,95.8,8.43,55.8,3.65,14.5,3.2
01/10/2015,,3.23,2.37,12.38,2.73,2.66,6.53,4,12.6,95.5,7.79,59.5,3.54,14.7,3.04
01/11/2015,,2.4,2.19,4.2,2.63,2.36,16.67,3.69,10.02,96,7.39,63.8,3.28,14.8,2.78
01/12/2015,,2.28,2.13,4.02,2.57,2.3,15.95,3.75,9.27,96,7.23,67.6,3.48,14.9,2.72
01/01/2016,,2.8,2.42,5.48,2.54,2.54,10.74,3.39,8.28,96,6.75,70.4,3.62,15.4,3.18
01/02/2016,,2.43,2.12,5.12,2.28,2.26,3.59,3.48,8.36,95.8,6.86,69.4,3.58,15.8,2.83
01/03/2016,,1.73,1.55,3.29,2.04,1.93,4.01,3.49,9.19,95.6,7.08,66.7,3.02,15.5,2.33
01/04/2016,,1.61,1.51,3.3,2.15,2.04,3.96,3.22,9.65,95.6,6.98,65,3,14.6,2.52
01/05/2016,,1.55,1.44,3.45,2.15,2.03,4.21,3.44,11.62,95.4,7.32,60.2,2.9,14.7,2.49
01/06/2016,,1.9,1.76,3.18,2.6,2.39,4.72,3.84,14.43,95.7,7.72,58,2.89,14.7,2.77
01/07/2016,,2.35,2.26,3.21,3.02,2.78,5.63,4.42,16.56,95.9,8.14,56.9,3.57,14.3,3.07
01/08/2016,,2.42,2.29,3.23,3.13,2.84,5.13,4.33,17.6,95.8,8.3,54.7,3.59,14.7,3.07
01/09/2016,,2.47,2.42,3.25,3.16,2.99,5.11,4.6,16.78,96,8.28,56.2,3.74,14.6,3.18
01/10/2016,,2.59,2.5,3.1,3.06,3.05,3.65,4.19,13.74,95.9,7.96,59.9,3.87,14.5,3.23
01/11/2016,,2.7,2.41,4.95,3,2.74,4.58,3.9,10.77,96,7.67,63.5,3.86,14.6,3.14
01/12/2016,,3.5,3.31,4.63,3.82,3.65,4.68,3.96,9.06,96,7.27,68.2,4.27,15,4.15
01/01/2017,,3.74,3.4,5.56,4.26,3.75,6.44,4.21,9.32,95.9,7.58,70.5,4.85,15.2,4.31
01/02/2017,,3.14,2.81,6.39,3.8,3.24,5.99,4.13,10.01,95.8,7.89,69,4.53,15.2,3.72
01/03/2017,,2.68,2.57,4.35,3.21,2.97,4.47,3.84,9.86,95.7,7.68,67.7,3.92,15.2,3.51
01/04/2017,,2.64,2.53,3.74,3.65,3.25,5.16,4.2,11.34,95.7,8.04,65,4.11,14.8,3.5
01/05/2017,,2.7,2.59,3.86,3.57,3.17,4.8,4.42,13.25,95.5,8.31,60.8,4.02,14.2,3.61
01/06/2017,,2.62,2.51,3.58,3.41,3.1,4.61,4.82,16.06,95.6,8.75,58.2,4.05,14.8,3.4
01/07/2017,,2.4,2.31,3.44,3.37,3.13,4.26,4.73,17.86,95.8,8.81,57.2,3.92,14.8,3.32
01/08/2017,,2.38,2.24,3.34,3.27,3.13,3.88,4.61,18.22,95.6,8.76,55.9,3.78,14.5,3.24
01/09/2017,,2.12,2.05,4.08,3.3,3.14,3.88,4.52,16.92,96.1,8.52,56.2,3.83,14,3.27
01/10/2017,,2.06,1.99,4.41,3.37,3.11,4.02,4.03,13.39,96.4,7.97,61.5,3.78,14.5,3.24
01/11/2017,,2.53,2.4,3.59,3.54,3.18,4.47,3.97,10.14,96.1,7.51,65.8,3.84,14.8,3.5
01/12/2017,,3.27,2.95,5.55,3.68,3.28,4.74,4,9.29,96.5,7.42,69.1,4.19,15.2,3.81
01/01/2018,,4.41,3.79,7.51,3.97,3.85,4.34,4.36,8.9,96.1,7.4,71.5,4.46,15.2,5.38
01/02/2018,,3.02,2.76,5.95,3.93,3.31,5.62,3.99,9.63,96,7.74,69.3,4.85,14.8,3.75
01/03/2018,,2.45,2.16,7.07,3.37,2.87,4.45,3.69,9.76,95.9,7.71,68.6,4,15.3,3.32
01/04/2018,,2.2,2.11,4.57,3.46,2.98,4.56,3.65,10.05,95.6,7.65,65.4,3.89,15,3.26
01/05/2018,,1.73,1.64,4.61,3.7,2.99,5.03,4.14,13.52,94.8,8.34,60,3.8,14.1,3.16
01/06/2018,,1.87,1.77,4.62,3.43,2.96,4.65,4.49,16.47,95.7,8.58,57.7,3.77,14.1,3.23
01/07/2018,,2.16,2.03,3.72,3.72,2.98,5.28,4.5,17.85,95.8,8.84,56.4,3.75,13.9,3.35
01/08/2018,,2.22,2.1,3.72,3.78,3.13,5.33,5.25,18.56,95.6,8.69,55.1,3.67,14.2,3.39
01/09/2018,,2.09,1.97,5.02,3.47,2.98,4.78,4.72,17.23,96.2,8.57,56.9,3.75,14,3.23
01/10/2018,,2.61,2.34,5.9,3.76,3.28,4.92,4.1,12.22,96.5,7.69,61.3,4.03,14.3,3.52
01/11/2018,,4.1,3.87,10.7,4.46,3.92,5.62,4.28,9.42,96.4,7.34,66.6,4.51,14.5,4.34
01/12/2018,,4.89,4.14,8.64,5.22,4.39,6.84,4.72,9.62,96.2,7.7,69,5.47,14.5,4.89
01/01/2019,,4.3,3.55,9.36,4.39,3.6,5.89,4.03,9.36,96.4,7.67,70.1,5.02,13.7,4.16
01/02/2019,,4.06,3.6,8.97,3.76,3.17,5.06,3.91,9.4,96.1,7.54,69.3,4.62,14.1,3.78
01/03/2019,,3.79,3.63,7.7,3.68,3.04,4.84,4.07,9.42,96,7.4,69.1,4.31,13.7,3.6
01/04/2019,,2.14,1.97,7.32,3.32,2.49,4.7,3.72,10.85,95.6,7.72,64.1,3.99,13,2.99
01/05/2019,,1.81,1.81,,3.51,2.94,4.39,3.66,12.76,95.7,8.06,60.6,3.64,12.7,2.85
01/06/2019,,1.54,1.54,8.44,3.18,2.28,4.57,4.17,15.6,95.6,8.29,58.1,3.55,12.4,2.66
01/07/2019,,1.86,1.72,6.73,3.47,2.26,5.29,4.17,17.74,95.9,8.47,56,3.33,13,2.63
01/08/2019,,1.73,1.63,4.57,3.23,2.15,5.13,4.15,18.37,96.1,8.41,55.6,3.18,12.4,2.5
01/09/2019,,1.65,1.65,,3.56,2.38,5.28,4.07,17.61,96.2,8.34,56.2,3.35,12.2,2.68
01/10/2019,,2.15,1.96,4.65,3.55,2.28,5.31,3.42,12.5,96.8,7.63,60.3,3.43,12,2.58
01/11/2019,,2.8,2.66,7.12,4.03,2.66,5.84,3.46,9.33,96.6,6.98,66.7,3.86,12.7,3.08
01/12/2019,,3.23,2.84,6.17,3.89,2.48,5.55,3.5,9.3,96.4,7.19,68.8,3.84,13,3.04
01/01/2020,,2.64,2.46,6.03,3.74,2.13,5.42,3.26,9.43,96.4,7.24,69.4,3.71,13.2,2.74
01/02/2020,,2.04,1.95,5.67,3.51,1.93,5.12,3.09,9.19,96.3,7.03,68.9,3.58,13.3,2.5
01/03/2020,,1.68,1.64,4.34,3.3,1.74,4.91,3.25,9.8,96,7.29,66.5,3.39,13.1,2.23
01/04/2020,,1.5,1.5,,3.21,1.68,4.74,3.05,10.42,95.9,7.24,63.7,3,12.9,2.2
01/05/2020,,1.63,1.59,4.26,3.61,1.97,5.53,3.31,11.79,95.7,7.73,58.9,2.91,13.2,2.26
01/06/2020,,1.54,1.54,1.61,2.99,1.78,5.55,3.81,15.33,95.9,8.24,56.4,2.72,13,2.1
01/07/2020,,1.65,1.59,4.59,2.9,1.83,5.73,3.92,17.49,96.3,8.49,55.8,2.58,12.9,2.14
01/08/2020,,1.89,1.9,1.52,3.28,2.11,5.85,4.09,18.27,95.9,8.48,54.3,2.85,12.8,2.5
01/09/2020,,2.02,2.01,3.4,3.49,2.23,5.53,4.07,16.85,96.6,8.45,54.9,3.3,13.2,2.49
01/10/2020,,2.19,2.19,,3.85,2.17,5.8,3.5,12.26,96.6,7.59,60.6,3.29,13,2.58
01/11/2020,,2.71,2.65,6.93,4.77,2.73,6.58,3.81,10.99,96.8,7.64,65.4,3.98,13.2,3.09
01/12/2020,,2.8,2.75,5.54,4.84,2.85,6.48,3.57,9.75,96.8,7.4,69.6,4.11,13.8,3.3
01/01/2021,,2.86,2.75,7.62,4.62,2.89,6.08,3.27,9.63,96.7,7.4,70.4,4.08,13.6,3.33
01/02/2021,,5.63,5.54,9.44,12.68,18.64,6.52,12.1,9.29,96.7,7.36,70.2,9.41,12.5,16.29
01/03/2021,,2.66,2.63,8.36,4.71,2.91,6.25,4.09,10.48,96.4,8,67.8,4.43,13.9,3.4
01/04/2021,,2.44,2.44,,4.46,2.72,5.92,3.92,12.21,96.3,8.41,64.6,4.03,13.6,3.14
01/05/2021,,2.7,2.66,7.55,4.89,3.02,6.46,4.34,14.08,96.1,8.99,60.1,4.15,13.4,3.35
01/06/2021,,2.83,2.83,,4.92,3.25,6.57,5.05,17.64,96.1,9.58,57.2,4.21,13.1,3.57
01/07/2021,,3.41,3.37,8.41,5.64,3.84,7.23,5.58,19.83,96.6,9.93,55.2,4.76,13.1,4.12
01/08/2021,,3.52,3.52,,6.06,4.16,7.75,5.72,20.88,96.5,10.21,54.8,5.02,13.1,4.45
01/09/2021,,4.07,4.04,9.3,6.7,4.85,8.34,5.95,20.15,96.6,10.3,56.4,5.48,13.6,5.09
01/10/2021,,4.79,4.79,,7.97,5.55,9.98,6.43,17.41,97.1,10.47,59.5,6.69,13.4,5.75
01/11/2021,,5.18,4.97,34.77,8.1,5.48,10.24,6.04,13.12,97,10.05,65.6,6.99,13.7,5.89
01/12/2021,,4.74,4.57,30.21,7.4,4.62,9.62,5.87,13.08,96.7,10.36,68.4,6.77,14,5.15
01/01/2022,,6.94,6.23,39.06,7.04,4.96,8.56,5.39,12.02,96.9,9.81,71.6,6.64,13.5,6.97
01/02/2022,,5.67,5.25,29.59,8.22,5.53,10.17,5.8,12.18,96.7,10.04,70.2,7.53,14,6.26
01/03/2022,,4.7,4.44,30.57,7.24,4.71,9.15,5.6,12.98,96.6,10.23,68.6,6.34,14.3,5.32
01/04/2022,,5.49,5.49,,8.45,6.04,10.33,6.37,14.01,96.4,10.63,65.8,6.88,14.1,6.45
01/05/2022,,6.72,6.7,12.72,10.31,7.62,12.33,8.45,17.76,96.1,12.11,61,8.37,13.6,7.79
01/06/2022,,7.03,7.03,,11.45,7.97,14.36,10.13,22.69,96.3,13.5,57.8,9.64,13.5,8.23
01/07/2022,,6,5.94,11.96,10,6.78,12.76,8.97,24.73,96.7,13.54,56,8.14,13.5,7.76
01/08/2022,,6.62,6.53,15.33,12.23,8.45,15.45,10.49,25.52,96.8,14.24,55.1,9.76,13.2,9.33
01/09/2022,,6,6.01,,12.79,7.78,16.72,9.81,24.65,96.8,14.58,55.9,9.95,13.1,8.46
01/10/2022,,4.67,4.67,,10.22,5.03,14.32,6.83,18.72,97,12.84,60.5,7.38,13.3,6.03
01/11/2022,,5.8,5.61,43.34,8.63,4.94,11.68,6.74,15.63,97.2,11.89,66.6,6.92,13.5,5.96
01/12/2022,,9.75,9.47,38.94,9.91,6.28,12.67,7.68,14.74,97.2,12.03,70.5,8.23,13.8,9.53
01/01/2023,,8.49,8.19,40.44,8.06,4.03,11.24,7.11,15.28,96.8,12.47,70,7.4,13.9,7.55
